model,image_id,gradcam_iou,energy_in_boxes,box_area_share,gt_classes,explained_classes,ita,group
A,00722c0022ce074f26265087,0.5204466844549857,0.6032117009162903,0.28380277730927084,HFMD,HFMD,54.35404529121761,I-II
A,00bd76536271905681e4462c,0.47113970588235293,0.9620537757873535,0.02418032786885246,Impetigo,Impetigo,-32.84532969801713,VI
A,00cf569cf91b5a7855547f9a,0.5287356321839081,0.6461946964263916,0.020759046778464255,Molluscum,Molluscum,51.16902966225568,I-II
A,04033cfb85fc5af497ad6e56,0.1153034777891628,0.1646118313074112,0.006233723958333334,Molluscum,Molluscum,6.474413029199192,III-V
A,0425f20d2a6f9e70792d8c65,0.100742130853877,0.4413570761680603,0.11377826718735809,Impetigo,Impetigo,35.58159757040907,III-V
A,058b333c466e8dc301052e68,0.20820728659739576,0.3064194917678833,0.015458984375,Molluscum,Molluscum,74.83823983198947,I-II
A,058c1d941a8b62294b38a85d,0.2707824838478105,0.3725447654724121,0.009469042936003884,Molluscum,Molluscum,32.4331239524529,III-V
A,063238ff3be92358dc57015c,0.2876797138336658,0.3366357684135437,0.0900765306122449,Varicella,Varicella,66.42521248880048,I-II
A,07e37e164ae929c6003bd97e,0.3986820428336079,0.5205695033073425,0.0067420186396985925,Warts,Warts,38.92474035597934,III-V
A,0abefa9a60d9fe79681f41d9,0.10941475826972011,0.5625298023223877,0.10586011342155009,Warts,Warts,-5.653649324221356,III-V
A,0b712f897c4add86608b91b6,0.21265208295249122,0.681661069393158,0.41723433242506813,Varicella,Varicella,2.54336491056276,III-V
A,0e13c8b58bb44e84cce913d3,0.17611633645861635,0.2122908979654312,0.07944196797094272,Tinea versicolor,Tinea versicolor,-7.413110695144039,III-V
A,0e60eb423a7fc71abef25c2d,0.17736414206247325,0.27235931158065796,0.010500383156321446,Molluscum,Molluscum,24.731404932261142,III-V
A,0f0726987f9dc17cf741b464,0.4257193350637875,0.4007768929004669,0.06801507039460639,Varicella,Varicella,60.001564198872586,I-II
A,130c0b07c19038dab2859712,0.6982215635420526,0.7914873957633972,0.04857159514925373,Molluscum,Molluscum,62.66423271147564,I-II
A,14cb8219a595d17a1b8ecbf7,0.2209355531308296,0.2760878801345825,0.06054988896834657,HFMD,HFMD,7.737369866765834,III-V
A,14cd6a015317f378729f01ce,0.054708349218452156,0.0692111924290657,0.018732313240339585,Varicella,Varicella,38.2861216122385,III-V
A,15605eebcb7c21b075709336,0.5259933774834437,0.6552304029464722,0.023038293785762876,Warts,Warts,56.732952778559394,I-II
A,177a2277b22684e41d563e22,0.09220896979842366,0.14084412157535553,0.02163439508791223,Varicella,Varicella,59.4315750069317,I-II
A,17fbf30346c613fe8dc7a497,0.1668625501009553,0.7445276975631714,0.055427218934911246,HFMD,Warts,36.813375296226994,III-V
A,18b1a94bb3c285c5451bf96c,0.5692307692307692,0.9713283777236938,0.044517152488598055,Warts,Warts;HFMD,82.41784006975932,I-II
A,197ac20d872b8d8e0c7547aa,0.392514692236313,0.5269877910614014,0.01139336917562724,Molluscum,Molluscum,55.37485161335487,I-II
A,19868d71db058e76c02c24b8,0.628874038196254,0.6926416754722595,0.4992608558273901,Tinea versicolor,Tinea versicolor,31.106804055395443,III-V
A,199fc42a394c6d83975adb79,0.461880088823094,0.5755032896995544,0.02670530190304644,Molluscum,Molluscum,52.82629946091298,I-II
A,1d5824b665f7cff297928581,0.15371699540564976,0.27718237042427063,0.13570022583007812,Tinea corporis,Tinea corporis,3.338666584298253,III-V
A,1d5e9f83bd3957b9a541d853,0.26341997457267974,0.9239712357521057,0.31478118896484375,Tinea corporis,Tinea corporis,-22.21172973595706,III-V
A,1d9ee058a6888b3e8b58a620,0.010144476030998092,0.009379635564982891,0.0096,Warts,Varicella,-55.96594347715222,VI
A,1dce46c48fa8bcd4bad3a3e6,0.3146483591667256,0.35721224546432495,0.13651303735024664,Tinea versicolor,Tinea versicolor,24.70914213711461,III-V
A,206f51c97a4cc86740dba1c9,0.1842620791834719,0.8077186942100525,0.2983296712239583,Tinea versicolor,Molluscum,9.879111541582793,III-V
A,24a2a19f8e35ce4b3cb630de,0.054791652125357714,0.08953721076250076,0.014431869624264373,HFMD,HFMD,61.79328966784019,I-II
A,25ae7146196dc5ceb2346975,0.5736880814636772,0.6433762311935425,0.4229288970967274,HFMD,Varicella;HFMD,31.34073461991112,III-V
A,25c2203def21f7605198224b,0.2555809503561178,0.3239661455154419,0.012233481481481482,Molluscum,Molluscum,,no ITA
A,2767b0b65e33f948bac6e945,0.2588021204209194,0.9943092465400696,0.25155452806122447,Tinea corporis,Tinea corporis;Impetigo,66.80241871521059,I-II
A,28c436fdb0fbb87f5cc695de,0.28489483747609945,0.31787341833114624,0.0029900747518687965,Molluscum,Warts;HFMD,33.016404921023266,III-V
A,29fac24ecc9c28c6c9340743,0.5613251442397171,0.6171765923500061,0.07134885204081633,Impetigo,HFMD;Impetigo,80.74137684597478,I-II
A,2a375d2a00c9dae44d18219f,0.23816281466215222,0.8511235117912292,0.8148982165375608,Varicella,Varicella,64.9733833223729,I-II
A,2b2727678073b979a33b83c7,0.30531541556107167,0.4740806221961975,0.016730864197530865,Impetigo,HFMD;Impetigo,6.5869415156070845,III-V
A,2f6ffedc56eb1993bcbef361,0.1712943186672362,0.25655868649482727,0.054353668368718085,HFMD,HFMD,35.32194844936822,III-V
A,2fd2df9e7b032752e89990d8,0.6018390804597701,0.7325174808502197,0.02367380401234568,Molluscum,Molluscum,83.11417721627772,I-II
A,30b331e6d4c550174b4eeb3d,0.03155063146856335,0.042324695736169815,0.02589210621170251,Varicella,Varicella,55.42766917058201,I-II
A,3726c2dc78c5ac3c80b32aa0,0.13285571361216206,0.16528615355491638,0.0672542277875371,Tinea versicolor,Tinea versicolor,2.8582235599385544,III-V
A,3abcca8d82c63a89c59b25e4,0.12636334712058542,1.0,0.43048189866760167,Tinea corporis,Varicella,-8.5214030397238,III-V
A,3b34700c4291995b2b184248,0.30327529021558874,0.998967707157135,0.0724904828691645,Impetigo,Impetigo,45.36162863982482,I-II
A,3bf12e5119d63e254c06ddec,0.5911424234873026,0.8090311884880066,0.8071791666666667,Tinea versicolor,Tinea versicolor,39.18002489556003,III-V
A,3ce80e21f95b92f40cbbb394,0.5003179313268334,0.5931152701377869,0.05429886898208387,Warts,Warts,19.46519399441709,III-V
A,3d70eca6aa08428d328b6052,0.4052485653491521,0.5141081809997559,0.06084915627735684,HFMD,Molluscum;HFMD,38.20810848832208,III-V
A,3e9681f4b34eb68d78002cba,0.24221196415073967,0.9341736435890198,0.8246018559334486,Tinea versicolor,Tinea versicolor,-1.8911998195687485,III-V
A,4205153f7fdae63ffd7017e8,0.0173053152039555,0.01185545139014721,0.0036458333333333334,Warts,Tinea pedis,64.57515092082564,I-II
A,422143a960ae73503f375b09,0.13184202916511753,0.20244744420051575,0.020843810208013583,Molluscum,Molluscum,54.365906002716535,I-II
A,42c710771a062d4a77923ee0,0.0587618526622903,0.7621575593948364,0.27921875,Tinea corporis,Impetigo,18.70063939074283,III-V
A,434b605d171435edbc358af7,0.1561460684662544,0.8875243663787842,0.5555419921875,Tinea corporis,Tinea corporis,42.682445612215645,I-II
A,4393f172c4940d79e4ab0aed,0.268603431518779,0.3450731635093689,0.20491239669421488,HFMD,HFMD,46.73253934182625,I-II
A,43ca36715c9cd7423df6552c,0.09496442255062945,0.158083975315094,0.010663374485596708,Warts,Molluscum,-19.747135278358737,III-V
A,45947da12fc08fc8167a7a69,0.12204044304440606,0.16244249045848846,0.006017166179824737,Warts,Warts,19.911436170290088,III-V
A,45a9298f53fd946836296643,0.5343925071921438,0.9794081449508667,0.5192574542254713,Tinea versicolor,Tinea versicolor,32.02352987932723,III-V
A,45c60b78f66e7003666f378c,0.5927095292766934,0.6925380825996399,0.014875660514387318,Warts,Warts,-33.44726951939319,VI
A,45dc6fc0730ac5e5e65a611f,0.38688050966738274,0.4831917881965637,0.10018069727891156,HFMD,HFMD,58.730381610581375,I-II
A,461658759bfe911b5de60954,0.318373583270621,1.0,0.14301368790787325,Impetigo,Impetigo,37.83332494037407,III-V
A,46fd2836524b2e79485153ad,0.291587773870706,0.4019332528114319,0.012345679012345678,Impetigo,Impetigo,-17.46261398284018,III-V
A,4795ef24d5bdd4cb736b9fff,0.3030380786205481,0.39146921038627625,0.15211776859504134,Impetigo,Tinea pedis;Impetigo,70.82464778658785,I-II
A,4827e13c0e04cf732c3c3f3f,0.5648653533345382,0.6594040393829346,0.11561640410102525,Molluscum,Molluscum,-1.2277666605788498,III-V
A,484ca9f390e7874a21bb8475,0.6047450619377553,0.933331310749054,0.19286238322708968,Varicella,Varicella,-43.649755661744685,VI
A,4a63b5022385cf885142d5c4,0.593947455936149,0.6927712559700012,0.010134120708637773,Warts,Warts;Molluscum,38.205153012873936,III-V
A,4b7f0bb26cb6e36e7c8deee0,0.1302359035186786,0.18070010840892792,0.0519482421875,Tinea versicolor,Tinea versicolor,-14.619608822310228,III-V
A,4cb975fa3944cd81815c846c,0.007667767392399396,0.0063880933448672295,0.008152309988082003,Molluscum,Varicella,14.65607931753093,III-V
A,4d377afa2f1998905fbd9913,0.2677568631325857,0.3529403507709503,0.055651041666666665,Varicella,Varicella,47.69140047759724,I-II
A,4e140ab0f19a69a5a67198e0,0.4637080486819691,0.8146563768386841,0.3861882716049383,HFMD,HFMD,63.86947152389086,I-II
A,4ed8b1c66aff57265e8a1f7a,0.07831465410724929,0.3020075857639313,0.44583892822265625,Tinea corporis,Tinea corporis,-20.93254630001175,III-V
A,50e25fdd3abb0d7b5ac5a3a3,0.30326690936961104,0.396043062210083,0.04759168987929434,HFMD,HFMD,67.20072991006487,I-II
A,50e55c2084873b3099813c23,0.41901440623762676,0.7309368252754211,0.1686328125,Impetigo,Impetigo,-35.89304884002506,VI
A,51ffb30e972502de8ca18d5d,0.2571764705882353,0.9991564750671387,0.5779560753382743,Tinea corporis,Varicella,48.12805538739492,I-II
A,530ec21c8433623f880e98b8,0.4689660411760237,0.5768139362335205,0.02707819496169354,Molluscum,Molluscum,48.6556683732451,I-II
A,53caad93eba941b3b0fef9b4,0.5372558476006752,0.6770101189613342,0.011277064955894147,Warts,Warts,39.846705516701775,III-V
A,55e3dfe9480a2b007dec946b,0.3570009612303749,0.9131805300712585,0.099638671875,Warts,Warts,82.77705567190975,I-II
A,5b5d0760a6793f739b110ae8,0.6207113197328038,0.6555615067481995,0.6352592215521967,Tinea versicolor,Tinea versicolor,65.41531202119224,I-II
A,5d63921ac5b970962ebf4eeb,0.31981233243967827,0.94134920835495,0.151575,Warts,Warts,-35.42467695338999,VI
A,601631f14e53a55fcfc077f3,0.161870880592496,0.9253276586532593,0.6438560485839844,Tinea corporis,Tinea corporis,67.76666705133704,I-II
A,609215618e2eb387c181c62a,0.13896358902121483,0.1807817816734314,0.05322931382041555,HFMD,HFMD,17.1872891796836,III-V
A,60a555c8d9cbcf69692c2928,0.10230998109986779,0.13090969622135162,0.07934086629001884,Tinea versicolor,Tinea versicolor,47.73791884516175,I-II
A,6517f427ef60fceaf85683aa,0.20608671864314046,0.929066002368927,0.35931982670105933,Varicella,Tinea corporis;Impetigo,62.2542920746979,I-II
A,6565900220c9392674f6d78e,0.1655071568698685,0.21386024355888367,0.23415774507010312,Tinea versicolor,Tinea versicolor,36.11704913529004,III-V
A,65eec236caa37d2c2c072949,0.09927674153026265,1.0000001192092896,0.8524607896160087,Tinea pedis,Tinea pedis,70.06578331081883,I-II
A,683b35be0c1d5ff886e5f5b0,0.423379197492452,0.6304358839988708,0.10534739405365068,Warts,Warts,81.64459046872189,I-II
A,69045f22f7d6910d1b609d19,0.21134878193701723,0.9999872446060181,0.1905570652173913,Tinea corporis,Impetigo,-27.18306683315137,III-V
A,696af1538f56bd9a3dcc8881,0.2526991407425057,0.645785391330719,0.4720551378446115,Varicella,Varicella,69.39481897455559,I-II
A,6a029f29e6433fa6212cb681,0.3114058855406074,0.6984743475914001,0.18396493141910658,Impetigo,Impetigo,56.75030244808714,I-II
A,6a61b737e398ddea6a7b69df,0.3903678765477952,0.4561861455440521,0.2081298828125,HFMD,HFMD,39.52080228194633,III-V
A,6b35d69443dec7bf9e8554c7,0.41167829599706207,0.4835087060928345,0.008363094344907616,Warts,Warts,32.41968919203618,III-V
A,6b94765509993ce256a69692,0.7432725023198268,0.8455246090888977,0.00948555578815156,Molluscum,Molluscum,68.73720215765327,I-II
A,6ed5e9041e0f274c8af4ea95,0.11558466576767482,0.20708227157592773,0.0019603230612404926,Warts,Warts,18.088738227211238,III-V
A,6f2fcd7863299774b259eca7,0.21633416458852867,0.2644878625869751,0.05757732780612245,Impetigo,Impetigo,51.38413427386404,I-II
A,705addc5fe15b199ce3a755b,0.14638327048337332,0.9836794137954712,0.7703274671419025,Tinea pedis,Tinea pedis,-2.819996384688756,III-V
A,70bbb2b2be0a8eeb151567ac,0.26199308506806884,0.38713037967681885,0.12994345079113634,HFMD,HFMD,47.954269963137655,I-II
A,741106ffea83a4ba4d9805f5,0.4705780785965882,0.6353192329406738,0.1397431365618004,Impetigo,Impetigo,36.05295442644056,III-V
A,765ef6b66cf976c8047f4f66,0.28097982708933716,0.3747146725654602,0.006970734931794964,Molluscum,Molluscum,68.2998414043822,I-II
A,76bb8f2af3e2465c2328b46d,0.3854394568087514,0.46606701612472534,0.12488129154795821,HFMD,HFMD,-11.527122507341812,III-V
A,79200e58355b114110be16d7,0.25821596244131456,0.33731409907341003,0.004263335316279992,Warts,Warts,65.50464400009051,I-II
A,7968ae48a455841c26b5b927,0.47447276280433187,0.5948153734207153,0.033532142639160156,Impetigo,Impetigo,-39.56969685170971,VI
A,7de0b544a4cc8c173084d91a,0.27128079249583587,0.47754138708114624,0.07416793969597556,Varicella,Molluscum,40.77903088832919,III-V
A,7e4b5ffdc39861406fd71481,0.3359487538527156,0.8481696248054504,0.44072723388671875,Tinea corporis,Tinea corporis,28.55059535887096,III-V
A,7e9210ff3ed49ea404bee378,0.5511551155115512,0.7126209139823914,0.007425,Molluscum,Molluscum,46.9795071142817,I-II
A,803dd3b55c24617632679ba5,0.1924666242848061,0.9976269602775574,0.501594387755102,Tinea pedis,Tinea pedis,68.08691073421134,I-II
A,804290ff7dd8ba00ac80d80c,0.4819468162966577,0.8093231320381165,0.1478465665462687,Impetigo,Impetigo,40.4403596926366,III-V
A,81c3cf568bab6999bd09b3a9,0.5576374239980146,0.6550923585891724,0.007696546163150114,Molluscum,Impetigo,60.846279207199984,I-II
A,8491b532cabc56e8f3fbf5bf,0.051570169732095335,0.9902728796005249,0.8385353088378906,Tinea corporis,Tinea corporis,50.92906800123544,I-II
A,84e41b2c0d7a71116b62c93a,0.36035787264593805,0.4918628931045532,0.068110705261642,Varicella,Impetigo,21.608391493001943,III-V
A,850a43a638101b2d73398dae,0.23886098942194678,0.2804531455039978,0.031067961165048542,Warts,Warts;Molluscum,-25.856378226791158,III-V
A,8906c57324c289a6e18bce2c,0.17304193738924986,0.43969401717185974,0.19383553699837625,Impetigo,Impetigo,-15.587498013556862,III-V
A,89fc8e99914d98374d0962f6,0.5765154221745862,0.8025804758071899,0.05652454780361757,Molluscum,Molluscum;Varicella,81.84601005695308,I-II
A,8ad5871d5c3d9004df467b13,0.19699736254818423,0.9995052218437195,0.19535298488976963,Tinea corporis,Impetigo,18.556176843009776,III-V
A,8b728a252334017cf9ed91b2,0.5389286488831057,0.6199825406074524,0.01475,Warts,Warts,35.299983251198505,III-V
A,8ca33651fdc6e0989475c1bc,0.12693498452012383,0.23597568273544312,0.04338826137271201,Impetigo,Warts,14.52282668007573,III-V
A,8f37e22fea8c67c63325d52c,0.07987579875798757,0.9999051094055176,0.21769200626959248,Tinea versicolor,Warts,82.91862150271106,I-II
A,9085befa3897cd8db137262e,0.036829168557703976,0.9461327791213989,0.846221923828125,Tinea corporis,Tinea corporis,-48.66125132274832,VI
A,946431d0bbc3d4829fd36f21,0.6103376964915427,0.9158856272697449,0.42776234567901233,Tinea versicolor,Tinea versicolor,13.384565032525474,III-V
A,9488d2f907900a18f4c60d75,0.32997183610429726,0.39867717027664185,0.10435239973701513,HFMD,HFMD,47.18361158077677,I-II
A,949a3dd5c1f57f82b2aff746,0.3694682675814751,0.4076053202152252,0.03768131997028503,Varicella,Varicella,66.29434320328131,I-II
A,94d09162ed8f620673142e4a,0.46634518092210797,0.7499277591705322,0.6454849243164062,Tinea corporis,Tinea corporis,9.486960152183336,III-V
A,9649bfdcc59063a94ddc996a,0.12700405640332238,0.9797826409339905,0.11714288951327835,Tinea corporis,Impetigo,6.25129131930641,III-V
A,970da0db2e243e3f66ead561,0.3561109837193304,0.6418299078941345,0.028815096604960424,Warts,Warts,48.599629524621314,I-II
A,97693d17b414e90ba50068c5,0.12205882352941176,0.1695212721824646,0.019352108341028008,HFMD,HFMD,34.3735119368124,III-V
A,9915192b884dd5e82ce13b02,0.3276468215088468,0.4648926258087158,0.061295572916666666,Tinea versicolor,Tinea versicolor,26.12659716691037,III-V
A,9a09256e53d71c27f2494b2b,0.1491322462268576,0.15315109491348267,0.024073289964971708,Varicella,Varicella,56.241268888142194,I-II
A,9d3e9fef055268cf8bb1b752,0.06254630915995184,0.999354898929596,0.65899658203125,Tinea corporis,Tinea corporis,31.6527568736788,III-V
A,9e8b998e8ddd81fbe4207114,0.5498238550578762,0.6313462853431702,0.01041938855500392,Warts,Warts,-4.428891127621192,III-V
A,a0e6dee01d436d612ee72025,0.37849969140997586,0.48989900946617126,0.030786311389759666,Impetigo,Impetigo,43.3807404198288,I-II
A,a1b116a1193e21bb56edc6f3,0.09762532981530343,0.14513982832431793,0.002656172501109458,Molluscum,Varicella,45.63561681499499,I-II
A,a1e50a68fd0057bebf7e3775,0.018874332848131975,0.02204010635614395,0.014019012451171875,Tinea corporis,Tinea corporis,-41.370952953411134,VI
A,a2db994b68ca188cf552f695,0.23127220143975355,0.2762797176837921,0.06055555555555556,HFMD,HFMD,62.537520490042006,I-II
A,a4221062c0ac1a3eb70302d5,0.2996078431372549,0.4030285179615021,0.004925854287556415,Molluscum,Molluscum,36.67960938392071,III-V
A,a60969d5d95d0c7d11d2cf3c,0.5141700404858299,0.610512375831604,0.018082682291666666,Molluscum,Molluscum,40.22865317479667,III-V
A,a9841de0d6da305c9d57530f,0.30231628861036003,0.39521872997283936,0.083974609375,Tinea versicolor,Tinea versicolor,-17.880088409755132,III-V
A,a98b769c554030194e77ce0b,0.06063072227873856,0.06727790832519531,0.011492144996637936,Warts,Warts;Tinea pedis,36.49614229567671,III-V
A,ab9f2dfc2ed968121e829a2d,0.18395665389189902,0.2663131356239319,0.004535442922493451,Impetigo,Molluscum,,no ITA
A,ad5411a97749e42efdf980f6,0.264509974561521,0.335903137922287,0.05842461553260308,HFMD,HFMD,74.4920853106931,I-II
A,aec0f2f6a940ad58410cdbaa,0.193674783095438,0.26347723603248596,0.0049394622632902814,Molluscum,Molluscum,44.80855996210309,I-II
A,b0ceb0dba1b2bb4f4f194c22,0.26145564357302287,0.3231988847255707,0.030580764519112978,HFMD,Varicella;HFMD,66.03961179787774,I-II
A,b5c2d400347da3a9321d9293,0.34750181506171207,0.46187078952789307,0.05221699529576619,HFMD,HFMD,48.35923624730581,I-II
A,b78574de9eb11a171bb4a86f,0.18133137665095075,0.24330919981002808,0.03936581996376859,HFMD,HFMD,69.71754075603772,I-II
A,b9393225ce126de09d300312,0.07788422319714289,0.9850766062736511,0.7656211853027344,Tinea corporis,Impetigo,33.56054614434689,III-V
A,bb72d53ee9471803a6e58e86,0.13874605322507894,0.2141542285680771,0.00769019225480637,Impetigo,Molluscum,-26.084350443417208,III-V
A,bba4b74c7491eddd9ba98f0c,0.40389294403892945,0.4636062681674957,0.013376415815440206,Warts,Warts,44.49656887318369,I-II
A,bbadabac3b854a1cfa39ed24,0.0901684338254413,0.0775400698184967,0.014754098360655738,Impetigo,Impetigo,-5.434946440955132,III-V
A,bc632759cde3e92f84aebfe4,0.7643908969210174,0.8088757395744324,0.003677298311444653,Warts,Molluscum,-13.805485259026968,III-V
A,bcda6111f76e0b262f1dcb3c,0.1614872237883059,0.7951580286026001,0.4746725383920506,Tinea versicolor,Tinea versicolor,22.60060924570518,III-V
A,bdad77fddcdfb74ee4dd1bc8,0.28317241585460634,0.749661922454834,0.29539794921875,Tinea pedis,Tinea pedis,26.194905851168777,III-V
A,be2afd3b9da486979819e029,0.10383979622252934,0.14735405147075653,0.01467013315119601,Varicella,Varicella,71.51880542762804,I-II
A,bf5982d36eb87a21b3e1634e,0.24336732620972656,0.9999919533729553,0.5633468627929688,Tinea corporis,Tinea corporis,7.762790650890919,III-V
A,bfc05e4a806a7976b9674eb7,0.19813924150437592,0.26343461871147156,0.010676459421599047,Impetigo,Varicella;Impetigo,68.42054932932635,I-II
A,c020866d993df86293369f10,0.23689642026108562,0.3736758232116699,0.14008679941871882,Varicella,Varicella,53.3892452215504,I-II
A,c0e9448adc9cb3ffb44d5691,0.2217015545204557,1.0,0.15467881944444445,Impetigo,Warts;Tinea corporis;Impetigo,31.38413161179476,III-V
A,c511abffd5ffec0fbde3b743,0.17479139218269654,0.23023182153701782,0.025713788300835656,Varicella,Varicella,66.16611881289059,I-II
A,c63dee141e8a64d43a0f1886,0.14899836030512584,0.9999998807907104,0.2795559630102041,Tinea corporis,Tinea corporis,28.74173534127753,III-V
A,c691e8ac0fec475ccfeef5b7,0.4605670856474715,0.6891802549362183,0.3141377239515564,Impetigo,Impetigo,-5.823937755673735,III-V
A,c74dec14a9b6aa130e4c5070,0.2846768182302204,0.6717938184738159,0.4530274340073488,Tinea versicolor,Tinea versicolor,-13.932599398407763,III-V
A,c7a1c5b5ccb80e21c6cd41a5,0.22820081671871248,0.32450488209724426,0.014436640854793206,Molluscum,Molluscum,2.088819069123265,III-V
A,c9cf19ba84bae46d4995d37f,0.24938271604938272,0.36193808913230896,0.0057169811320754715,Molluscum,Molluscum,85.65034140586202,I-II
A,cefe529bd5937d373adb2c95,0.1888091870411531,0.4245670735836029,0.24075161479741633,Tinea corporis,Tinea corporis,37.3517621314878,III-V
A,cf50e0e77bcf10def72233de,0.23286499144375394,0.29989123344421387,0.051448932260109624,HFMD,HFMD,74.08449335086394,I-II
A,cfc486c8669c915f8c914a36,0.45513211100648093,0.6818712949752808,0.15209493964716805,Impetigo,Impetigo,52.65754653978812,I-II
A,d00d0854f045f708e40f3350,0.15394640384458744,0.20575310289859772,0.031259765625,Warts,HFMD,48.48217278896092,I-II
A,d04dc9e55527506d36dc134f,0.17272727272727273,0.888590395450592,0.2170360331632653,Tinea corporis,Tinea corporis,55.45121484410712,I-II
A,d1c6eb9ed7ff3987f1b13685,0.32207242720487755,0.4074610769748688,0.08185188085728456,HFMD,HFMD,16.52280087381362,III-V
A,d1fada22d8936278bde6503d,0.27432278897327034,0.4978320002555847,0.12161979414489996,Varicella,Varicella;HFMD,18.455073600755583,III-V
A,d217da2f11f6ace74e5d6263,0.23837328416308134,0.9998290538787842,0.1930546216825535,Molluscum,Molluscum,66.00495107509435,I-II
A,d5748994d0d40ef5898505a8,0.19564270152505447,1.0,0.1829559948979592,Tinea corporis,Tinea corporis,29.65623116379043,III-V
A,d7503554713e32fb341bf16f,0.4914251762227564,0.5775309801101685,0.09296837421837421,Varicella,Varicella,-2.728880569359457,III-V
A,d751d537d455c5c1b6be31c2,0.4344321031888212,0.49291086196899414,0.0850480109739369,HFMD,HFMD,49.62926570939283,I-II
A,d819a2eacdedc739c70870fe,0.25291300307384373,0.32297804951667786,0.044428471957053975,HFMD,HFMD,-25.665607448398653,III-V
A,d87906ecf1149c8334557a31,0.4787647842196174,0.7352927327156067,0.30543489140226204,Tinea versicolor,Tinea versicolor,-14.287387964597071,III-V
A,d9bd3d1d36aa131391e9ac29,0.3161930760640278,0.7162387371063232,0.06912135621252842,Impetigo,Warts,40.64699515158512,III-V
A,da3fd377ee1112010d08e1f3,0.15419842539443557,0.22776584327220917,0.01786987794689977,Varicella,Varicella,44.33409688378202,I-II
A,dc9d4d5e3c7fea903ea14b70,0.613640877237779,0.9221506714820862,0.1077734375,Warts,Warts,-37.68766190963479,VI
A,de41ed8980c77d08ecced77c,0.6122286924298571,0.9368395209312439,0.03222540171692714,Warts,Warts,16.224942741835658,III-V
A,ded01b7b9d90b3bd3cc08be0,0.17869241192411925,0.1613435447216034,0.004958333333333334,Warts,Warts,-9.779242781497883,III-V
A,df238633fb4c3f7ac3243730,0.18937422428634343,0.2434753030538559,0.03054769477348426,Impetigo,Varicella,48.83047080813293,I-II
A,df301033a11dbd9dd051f64d,0.12936855822769813,0.9999998807907104,0.3473357620181493,Tinea corporis,Tinea corporis,-10.776585394421236,III-V
A,df380e8355ad4a0876ae28de,0.12855172413793103,1.0,0.28093806187612375,Tinea corporis,Tinea corporis,36.306750340347406,III-V
A,e03e689cba9795fd074f9898,0.7281337047353761,0.7419751286506653,0.004405200093977602,Warts,Warts,22.90110541612804,III-V
A,e3b95aab17e2c85b73f190a1,0.4378204189248572,0.7396259903907776,0.08686326002846662,Warts,Warts,27.387679368299352,III-V
A,e58ff067f88ed73ffb92775c,0.2450975319501216,0.4105709195137024,0.23400661035622475,Varicella,Varicella,3.4342424589578124,III-V
A,e5cb56865e498869d68c76a9,0.2086565857369437,0.4657990038394928,0.3428846656217346,Varicella,Varicella,55.11059832108642,I-II
A,e69b56349ece2021c5a325af,0.4565040378571232,0.4941728115081787,0.428271484375,Tinea versicolor,Tinea versicolor,-19.663888017246,III-V
A,e780ae90789a5c3f7b9b002d,0.2241311035974291,0.9030494093894958,0.6300023494400501,Tinea pedis,HFMD,85.21043425077022,I-II
A,e7efc57af1bfadbfc1596a17,0.27276234567901236,1.0000001192092896,0.17618669989804012,Tinea corporis,Tinea corporis,43.9863794198214,I-II
A,e8a6d05db5f4a4b474b74942,0.6554247284604797,0.6898497343063354,0.3083951822916667,Tinea versicolor,Tinea versicolor,14.387912542636156,III-V
A,ea2f5854e3b5c6d41d18aaf9,0.10331033683112065,0.10653625428676605,0.01814733070081928,Varicella,Varicella,47.8545575621818,I-II
A,ea5ed42bb5f37f2ad29f53b6,0.25328372512542985,0.7899523973464966,0.09856662024141133,Warts,Warts,13.63748408569827,III-V
A,ea6db4eb785e3d8ad0b0ff0b,0.3368222980124662,0.3946631848812103,0.018855014985922316,Molluscum,Molluscum,78.91105980695853,I-II
A,ee6b8a0388b3809b77bd799b,0.4778668525618682,0.9380655884742737,0.05667163437655241,Impetigo,Warts,15.187856100419252,III-V
A,ee835c0d37e9b108cb5d60e9,0.17684953218467203,0.2633214294910431,0.017295432385809644,Varicella,Varicella,58.747061301853165,I-II
A,ef7c707eb5387a4d9737677e,0.1789595218690573,0.9426223635673523,0.14645180662596335,Warts,Warts;Impetigo,13.303333336433203,III-V
A,f0da825b45e10a72a03fa2ec,0.11658894070619587,0.1414010375738144,0.018323863636363635,Impetigo,HFMD,44.880613772990806,I-II
A,f25a11ef588eda5f130531a5,0.4837335638002346,0.6107782125473022,0.03485065866701448,Varicella,Molluscum,47.15578878846695,I-II
A,f27eaa14593ec8c8aa59029a,0.5602060528010303,0.6503439545631409,0.00283890672723001,Molluscum,Warts;Molluscum,36.46429388550936,III-V
A,f4534d1be220d702c0ad1714,0.2765721619414304,0.3283076286315918,0.10468111455108359,Tinea versicolor,Tinea versicolor,49.57930659798866,I-II
A,f4a42af25ae73c21cb9c840c,0.4268571997610038,0.5247605443000793,0.05752097030151893,Impetigo,Molluscum,39.950229625257336,III-V
A,f8becc54c0f36a4101a78fa7,0.25931799045747966,0.37004899978637695,0.09906586954200917,Varicella,Varicella,32.172955228843904,III-V
A,fd55526fbffef1b60d9510be,0.39202762084118015,0.7471531629562378,0.05210134128166915,Warts,Warts,52.27125908761948,I-II
A,fe64cb9716022e261b2a5633,0.47676921129256866,0.747134268283844,0.019706765935214213,Warts,Impetigo,-82.10455844718622,VI
B,00722c0022ce074f26265087,0.48821933326633715,0.5909656882286072,0.28380277730927084,HFMD,HFMD,54.35404529121761,I-II
B,00bd76536271905681e4462c,0.48564064801178203,0.9872915148735046,0.02418032786885246,Impetigo,Impetigo,-32.84532969801713,VI
B,00cf569cf91b5a7855547f9a,0.5456802383316782,0.6681725382804871,0.020759046778464255,Molluscum,Molluscum,51.16902966225568,I-II
B,04033cfb85fc5af497ad6e56,0.0249438499141234,0.02422408200800419,0.006233723958333334,Molluscum,Varicella,6.474413029199192,III-V
B,0425f20d2a6f9e70792d8c65,0.20771942846539246,0.4621959328651428,0.11377826718735809,Impetigo,Impetigo,35.58159757040907,III-V
B,058b333c466e8dc301052e68,0.21807411489185838,0.31140199303627014,0.015458984375,Molluscum,Molluscum,74.83823983198947,I-II
B,058c1d941a8b62294b38a85d,0.18838414026698547,0.2534048557281494,0.009469042936003884,Molluscum,Molluscum;Varicella,32.4331239524529,III-V
B,063238ff3be92358dc57015c,0.21307630286593857,0.25826865434646606,0.0900765306122449,Varicella,Varicella,66.42521248880048,I-II
B,07e37e164ae929c6003bd97e,0.4626334519572954,0.5309289693832397,0.0067420186396985925,Warts,Warts,38.92474035597934,III-V
B,0abefa9a60d9fe79681f41d9,0.2505399568034557,0.5603748559951782,0.10586011342155009,Warts,Warts,-5.653649324221356,III-V
B,0b712f897c4add86608b91b6,0.06937633564931914,0.30375197529792786,0.41723433242506813,Varicella,Varicella,2.54336491056276,III-V
B,0e13c8b58bb44e84cce913d3,0.28363468455331975,0.44768792390823364,0.07944196797094272,Tinea versicolor,Tinea versicolor,-7.413110695144039,III-V
B,0e60eb423a7fc71abef25c2d,0.07045126200390923,0.11260731518268585,0.010500383156321446,Molluscum,Molluscum;Varicella,24.731404932261142,III-V
B,0f0726987f9dc17cf741b464,0.3984464321743224,0.533355176448822,0.06801507039460639,Varicella,Molluscum,60.001564198872586,I-II
B,130c0b07c19038dab2859712,0.7511171152447261,0.8418889045715332,0.04857159514925373,Molluscum,Molluscum,62.66423271147564,I-II
B,14cb8219a595d17a1b8ecbf7,0.18385296438067966,0.24348898231983185,0.06054988896834657,HFMD,HFMD,7.737369866765834,III-V
B,14cd6a015317f378729f01ce,0.05729470477671916,0.07238796353340149,0.018732313240339585,Varicella,Varicella,38.2861216122385,III-V
B,15605eebcb7c21b075709336,0.42360703812316713,0.5674400329589844,0.023038293785762876,Warts,Warts,56.732952778559394,I-II
B,177a2277b22684e41d563e22,0.07292425145076234,0.11780597269535065,0.02163439508791223,Varicella,Varicella,59.4315750069317,I-II
B,17fbf30346c613fe8dc7a497,0.12447116486439747,0.158157616853714,0.055427218934911246,HFMD,HFMD,36.813375296226994,III-V
B,18b1a94bb3c285c5451bf96c,0.3979641299079011,0.7282174229621887,0.044517152488598055,Warts,Warts,82.41784006975932,I-II
B,197ac20d872b8d8e0c7547aa,0.40287421282092684,0.49151256680488586,0.01139336917562724,Molluscum,Molluscum,55.37485161335487,I-II
B,19868d71db058e76c02c24b8,0.5634668533736227,0.6513826251029968,0.4992608558273901,Tinea versicolor,Tinea versicolor,31.106804055395443,III-V
B,199fc42a394c6d83975adb79,0.37804535232383807,0.4986085891723633,0.02670530190304644,Molluscum,Molluscum,52.82629946091298,I-II
B,1d5824b665f7cff297928581,0.20435185966095978,0.43458619713783264,0.13570022583007812,Tinea corporis,Tinea corporis,3.338666584298253,III-V
B,1d5e9f83bd3957b9a541d853,0.24859069437599912,0.9710632562637329,0.31478118896484375,Tinea corporis,Tinea corporis,-22.21172973595706,III-V
B,1d9ee058a6888b3e8b58a620,0.0,0.0,0.0096,Warts,Varicella,-55.96594347715222,VI
B,1dce46c48fa8bcd4bad3a3e6,0.25978443223864134,0.296927273273468,0.13651303735024664,Tinea versicolor,Tinea versicolor,24.70914213711461,III-V
B,206f51c97a4cc86740dba1c9,0.22603088894417234,0.8240110874176025,0.2983296712239583,Tinea versicolor,Molluscum,9.879111541582793,III-V
B,24a2a19f8e35ce4b3cb630de,0.04252811997857525,0.07030685991048813,0.014431869624264373,HFMD,HFMD,61.79328966784019,I-II
B,25ae7146196dc5ceb2346975,0.4515578026783274,0.646780252456665,0.4229288970967274,HFMD,HFMD,31.34073461991112,III-V
B,25c2203def21f7605198224b,0.11633461560544296,0.1535017341375351,0.012233481481481482,Molluscum,Molluscum,,no ITA
B,2767b0b65e33f948bac6e945,0.19394707653303755,0.9971537590026855,0.25155452806122447,Tinea corporis,Tinea corporis,66.80241871521059,I-II
B,28c436fdb0fbb87f5cc695de,0.38089171974522296,0.506463348865509,0.0029900747518687965,Molluscum,Warts,33.016404921023266,III-V
B,29fac24ecc9c28c6c9340743,0.11287772312016865,0.14123760163784027,0.07134885204081633,Impetigo,HFMD,80.74137684597478,I-II
B,2a375d2a00c9dae44d18219f,0.4590110605074821,0.7987697720527649,0.8148982165375608,Varicella,Varicella,64.9733833223729,I-II
B,2b2727678073b979a33b83c7,0.6774819744869661,0.9442643523216248,0.016730864197530865,Impetigo,Impetigo,6.5869415156070845,III-V
B,2f6ffedc56eb1993bcbef361,0.17857142857142858,0.24738821387290955,0.054353668368718085,HFMD,Warts;HFMD,35.32194844936822,III-V
B,2fd2df9e7b032752e89990d8,0.28222502363693663,0.6522940993309021,0.02367380401234568,Molluscum,Molluscum,83.11417721627772,I-II
B,30b331e6d4c550174b4eeb3d,0.0833011209895632,0.1299150437116623,0.02589210621170251,Varicella,Varicella,55.42766917058201,I-II
B,3726c2dc78c5ac3c80b32aa0,0.14237066919791172,0.1788857877254486,0.0672542277875371,Tinea versicolor,Tinea versicolor,2.8582235599385544,III-V
B,3abcca8d82c63a89c59b25e4,0.2032834871142221,1.0,0.43048189866760167,Tinea corporis,Tinea corporis,-8.5214030397238,III-V
B,3b34700c4291995b2b184248,0.37010749724366043,0.969588577747345,0.0724904828691645,Impetigo,Impetigo,45.36162863982482,I-II
B,3bf12e5119d63e254c06ddec,0.7024376913492758,0.8868383765220642,0.8071791666666667,Tinea versicolor,Tinea versicolor,39.18002489556003,III-V
B,3ce80e21f95b92f40cbbb394,0.47796648422953225,0.6175225377082825,0.05429886898208387,Warts,Warts,19.46519399441709,III-V
B,3d70eca6aa08428d328b6052,0.5449994178600536,0.8748839497566223,0.06084915627735684,HFMD,Molluscum,38.20810848832208,III-V
B,3e9681f4b34eb68d78002cba,0.18214038320566536,0.887846052646637,0.8246018559334486,Tinea versicolor,Tinea versicolor,-1.8911998195687485,III-V
B,4205153f7fdae63ffd7017e8,0.0,0.00031766542815603316,0.0036458333333333334,Warts,Tinea pedis,64.57515092082564,I-II
B,422143a960ae73503f375b09,0.20437067418610613,0.2967432737350464,0.020843810208013583,Molluscum,Molluscum,54.365906002716535,I-II
B,42c710771a062d4a77923ee0,0.35499163413273843,0.8086661100387573,0.27921875,Tinea corporis,Tinea versicolor,18.70063939074283,III-V
B,434b605d171435edbc358af7,0.1936296335676976,0.8854945302009583,0.5555419921875,Tinea corporis,Tinea corporis,42.682445612215645,I-II
B,4393f172c4940d79e4ab0aed,0.24579922215776015,0.28959113359451294,0.20491239669421488,HFMD,HFMD,46.73253934182625,I-II
B,43ca36715c9cd7423df6552c,0.083994708994709,0.06165316328406334,0.010663374485596708,Warts,Warts;Molluscum,-19.747135278358737,III-V
B,45947da12fc08fc8167a7a69,0.10676719724471749,0.1321459412574768,0.006017166179824737,Warts,Impetigo,19.911436170290088,III-V
B,45a9298f53fd946836296643,0.7784604102949331,0.8061142563819885,0.5192574542254713,Tinea versicolor,Tinea versicolor,32.02352987932723,III-V
B,45c60b78f66e7003666f378c,0.5124514507653644,0.5940892100334167,0.014875660514387318,Warts,Warts,-33.44726951939319,VI
B,45dc6fc0730ac5e5e65a611f,0.39181311615945136,0.4882045388221741,0.10018069727891156,HFMD,Varicella,58.730381610581375,I-II
B,461658759bfe911b5de60954,0.29725661900526784,0.9976377487182617,0.14301368790787325,Impetigo,Varicella,37.83332494037407,III-V
B,46fd2836524b2e79485153ad,0.531721268850754,0.7012335658073425,0.012345679012345678,Impetigo,Impetigo,-17.46261398284018,III-V
B,4795ef24d5bdd4cb736b9fff,0.4628687066903784,0.5760326385498047,0.15211776859504134,Impetigo,Impetigo,70.82464778658785,I-II
B,4827e13c0e04cf732c3c3f3f,0.5644420903954802,0.6431089639663696,0.11561640410102525,Molluscum,Molluscum,-1.2277666605788498,III-V
B,484ca9f390e7874a21bb8475,0.39470480827754106,0.9832096695899963,0.19286238322708968,Varicella,HFMD,-43.649755661744685,VI
B,4a63b5022385cf885142d5c4,0.13870141959506632,0.17194227874279022,0.010134120708637773,Warts,Warts,38.205153012873936,III-V
B,4b7f0bb26cb6e36e7c8deee0,0.406719391092347,0.6754583716392517,0.0519482421875,Tinea versicolor,Molluscum,-14.619608822310228,III-V
B,4cb975fa3944cd81815c846c,0.03158956845700093,0.04795136675238609,0.008152309988082003,Molluscum,Varicella,14.65607931753093,III-V
B,4d377afa2f1998905fbd9913,0.2708370643647695,0.3435050845146179,0.055651041666666665,Varicella,Varicella,47.69140047759724,I-II
B,4e140ab0f19a69a5a67198e0,0.290655350273422,0.6843206882476807,0.3861882716049383,HFMD,Varicella;HFMD,63.86947152389086,I-II
B,4ed8b1c66aff57265e8a1f7a,0.07501092657342658,0.5355592966079712,0.44583892822265625,Tinea corporis,Tinea corporis,-20.93254630001175,III-V
B,50e25fdd3abb0d7b5ac5a3a3,0.21338864899952023,0.2786823511123657,0.04759168987929434,HFMD,HFMD,67.20072991006487,I-II
B,50e55c2084873b3099813c23,0.4440073218042237,0.6112171411514282,0.1686328125,Impetigo,Impetigo,-35.89304884002506,VI
B,51ffb30e972502de8ca18d5d,0.1892239276466394,0.8285828828811646,0.5779560753382743,Tinea corporis,Varicella,48.12805538739492,I-II
B,530ec21c8433623f880e98b8,0.49488082562044394,0.5888219475746155,0.02707819496169354,Molluscum,Molluscum,48.6556683732451,I-II
B,53caad93eba941b3b0fef9b4,0.5727910238429172,0.5609492063522339,0.011277064955894147,Warts,Warts,39.846705516701775,III-V
B,55e3dfe9480a2b007dec946b,0.3042239087968745,0.9458556175231934,0.099638671875,Warts,Warts,82.77705567190975,I-II
B,5b5d0760a6793f739b110ae8,0.5738908082996623,0.6768497824668884,0.6352592215521967,Tinea versicolor,Tinea versicolor,65.41531202119224,I-II
B,5d63921ac5b970962ebf4eeb,0.10713172657386245,0.7237556576728821,0.151575,Warts,Warts,-35.42467695338999,VI
B,601631f14e53a55fcfc077f3,0.24126876046188328,0.8777103424072266,0.6438560485839844,Tinea corporis,Tinea corporis,67.76666705133704,I-II
B,609215618e2eb387c181c62a,0.09111372694793797,0.13098859786987305,0.05322931382041555,HFMD,HFMD,17.1872891796836,III-V
B,60a555c8d9cbcf69692c2928,0.08922462287328083,0.10209830105304718,0.07934086629001884,Tinea versicolor,Tinea versicolor,47.73791884516175,I-II
B,6517f427ef60fceaf85683aa,0.08662640912746555,0.81026291847229,0.35931982670105933,Varicella,Impetigo,62.2542920746979,I-II
B,6565900220c9392674f6d78e,0.13372763728919082,0.2565855383872986,0.23415774507010312,Tinea versicolor,Tinea versicolor,36.11704913529004,III-V
B,65eec236caa37d2c2c072949,0.09963202639258978,0.9978996515274048,0.8524607896160087,Tinea pedis,Tinea pedis,70.06578331081883,I-II
B,683b35be0c1d5ff886e5f5b0,0.5372307020178576,0.8444925546646118,0.10534739405365068,Warts,Warts,81.64459046872189,I-II
B,69045f22f7d6910d1b609d19,0.263784907902555,1.0000001192092896,0.1905570652173913,Tinea corporis,Impetigo,-27.18306683315137,III-V
B,696af1538f56bd9a3dcc8881,0.19456557697512858,0.5938851833343506,0.4720551378446115,Varicella,Varicella,69.39481897455559,I-II
B,6a029f29e6433fa6212cb681,0.40606778637303415,0.7557185888290405,0.18396493141910658,Impetigo,Impetigo,56.75030244808714,I-II
B,6a61b737e398ddea6a7b69df,0.345253278687392,0.42478033900260925,0.2081298828125,HFMD,HFMD,39.52080228194633,III-V
B,6b35d69443dec7bf9e8554c7,0.3004857737682165,0.3381703197956085,0.008363094344907616,Warts,Warts,32.41968919203618,III-V
B,6b94765509993ce256a69692,0.6801759346528432,0.8787399530410767,0.00948555578815156,Molluscum,Molluscum,68.73720215765327,I-II
B,6ed5e9041e0f274c8af4ea95,0.0814442785394326,0.14435356855392456,0.0019603230612404926,Warts,Warts,18.088738227211238,III-V
B,6f2fcd7863299774b259eca7,0.29265832997176283,0.34557339549064636,0.05757732780612245,Impetigo,Impetigo,51.38413427386404,I-II
B,705addc5fe15b199ce3a755b,0.05838644990331591,0.9134603142738342,0.7703274671419025,Tinea pedis,Tinea pedis,-2.819996384688756,III-V
B,70bbb2b2be0a8eeb151567ac,0.19353889484414738,0.3548888862133026,0.12994345079113634,HFMD,HFMD,47.954269963137655,I-II
B,741106ffea83a4ba4d9805f5,0.4652658443215653,0.6561692357063293,0.1397431365618004,Impetigo,Impetigo,36.05295442644056,III-V
B,765ef6b66cf976c8047f4f66,0.17960960539250106,0.2548779249191284,0.006970734931794964,Molluscum,Molluscum,68.2998414043822,I-II
B,76bb8f2af3e2465c2328b46d,0.4236503856041131,0.4908619225025177,0.12488129154795821,HFMD,HFMD,-11.527122507341812,III-V
B,79200e58355b114110be16d7,0.20742476121823752,0.2679210901260376,0.004263335316279992,Warts,Warts;Molluscum,65.50464400009051,I-II
B,7968ae48a455841c26b5b927,0.4994288360605125,0.5745595693588257,0.033532142639160156,Impetigo,Impetigo,-39.56969685170971,VI
B,7de0b544a4cc8c173084d91a,0.2865528025018042,0.4879460334777832,0.07416793969597556,Varicella,Molluscum,40.77903088832919,III-V
B,7e4b5ffdc39861406fd71481,0.1886552662846486,0.5996417999267578,0.44072723388671875,Tinea corporis,Tinea corporis,28.55059535887096,III-V
B,7e9210ff3ed49ea404bee378,0.5813953488372093,0.8289915919303894,0.007425,Molluscum,Molluscum,46.9795071142817,I-II
B,803dd3b55c24617632679ba5,0.07386363636363637,0.9999999403953552,0.501594387755102,Tinea pedis,Tinea pedis,68.08691073421134,I-II
B,804290ff7dd8ba00ac80d80c,0.5297955340328222,0.890933096408844,0.1478465665462687,Impetigo,Impetigo,40.4403596926366,III-V
B,81c3cf568bab6999bd09b3a9,0.7405027135104256,0.8269844055175781,0.007696546163150114,Molluscum,Molluscum,60.846279207199984,I-II
B,8491b532cabc56e8f3fbf5bf,0.16289458959043204,0.997797429561615,0.8385353088378906,Tinea corporis,Tinea corporis,50.92906800123544,I-II
B,84e41b2c0d7a71116b62c93a,0.26427586206896553,0.4105919301509857,0.068110705261642,Varicella,Impetigo,21.608391493001943,III-V
B,850a43a638101b2d73398dae,0.5208014013575651,0.5911599397659302,0.031067961165048542,Warts,Molluscum,-25.856378226791158,III-V
B,8906c57324c289a6e18bce2c,0.14464099895941726,0.448021799325943,0.19383553699837625,Impetigo,Impetigo,-15.587498013556862,III-V
B,89fc8e99914d98374d0962f6,0.43278688524590164,0.5825552344322205,0.05652454780361757,Molluscum,Varicella,81.84601005695308,I-II
B,8ad5871d5c3d9004df467b13,0.26643335362142423,1.0,0.19535298488976963,Tinea corporis,Tinea corporis;Impetigo,18.556176843009776,III-V
B,8b728a252334017cf9ed91b2,0.48199811498586237,0.5151772499084473,0.01475,Warts,Warts,35.299983251198505,III-V
B,8ca33651fdc6e0989475c1bc,0.13130848289614971,0.3877825438976288,0.04338826137271201,Impetigo,Warts,14.52282668007573,III-V
B,8f37e22fea8c67c63325d52c,0.16170161701617017,0.9995976090431213,0.21769200626959248,Tinea versicolor,Warts,82.91862150271106,I-II
B,9085befa3897cd8db137262e,0.06750699155660819,0.9355434775352478,0.846221923828125,Tinea corporis,Tinea corporis,-48.66125132274832,VI
B,946431d0bbc3d4829fd36f21,0.703066423147169,0.7178425192832947,0.42776234567901233,Tinea versicolor,Tinea versicolor,13.384565032525474,III-V
B,9488d2f907900a18f4c60d75,0.36546643146207325,0.41201865673065186,0.10435239973701513,HFMD,HFMD,47.18361158077677,I-II
B,949a3dd5c1f57f82b2aff746,0.305831636929709,0.3427065312862396,0.03768131997028503,Varicella,Varicella,66.29434320328131,I-II
B,94d09162ed8f620673142e4a,0.44678473222129234,0.7835198640823364,0.6454849243164062,Tinea corporis,Tinea corporis,9.486960152183336,III-V
B,9649bfdcc59063a94ddc996a,0.29565846599131695,0.9856187701225281,0.11714288951327835,Tinea corporis,Molluscum,6.25129131930641,III-V
B,970da0db2e243e3f66ead561,0.5166101694915254,0.9679619669914246,0.028815096604960424,Warts,Warts,48.599629524621314,I-II
B,97693d17b414e90ba50068c5,0.07363508408030224,0.11836417764425278,0.019352108341028008,HFMD,HFMD,34.3735119368124,III-V
B,9915192b884dd5e82ce13b02,0.07525287094075594,0.22459003329277039,0.061295572916666666,Tinea versicolor,Warts,26.12659716691037,III-V
B,9a09256e53d71c27f2494b2b,0.1279508277010481,0.15395449101924896,0.024073289964971708,Varicella,Varicella,56.241268888142194,I-II
B,9d3e9fef055268cf8bb1b752,0.07036097990182458,1.0,0.65899658203125,Tinea corporis,Tinea corporis,31.6527568736788,III-V
B,9e8b998e8ddd81fbe4207114,0.5654557916381083,0.5422590970993042,0.01041938855500392,Warts,Warts,-4.428891127621192,III-V
B,a0e6dee01d436d612ee72025,0.3952256033578174,0.48235294222831726,0.030786311389759666,Impetigo,Impetigo,43.3807404198288,I-II
B,a1b116a1193e21bb56edc6f3,0.04103856818754727,0.07235974073410034,0.002656172501109458,Molluscum,Varicella,45.63561681499499,I-II
B,a1e50a68fd0057bebf7e3775,0.0,2.870187563530635e-05,0.014019012451171875,Tinea corporis,Tinea corporis,-41.370952953411134,VI
B,a2db994b68ca188cf552f695,0.28508825319537434,0.3574538230895996,0.06055555555555556,HFMD,HFMD,62.537520490042006,I-II
B,a4221062c0ac1a3eb70302d5,0.3383525243578388,0.4047316312789917,0.004925854287556415,Molluscum,Molluscum,36.67960938392071,III-V
B,a60969d5d95d0c7d11d2cf3c,0.5395587252061511,0.623756468296051,0.018082682291666666,Molluscum,Molluscum,40.22865317479667,III-V
B,a9841de0d6da305c9d57530f,0.2234771321952011,0.2891354560852051,0.083974609375,Tinea versicolor,Tinea versicolor,-17.880088409755132,III-V
B,a98b769c554030194e77ce0b,0.1859888406695598,0.2263016253709793,0.011492144996637936,Warts,Warts,36.49614229567671,III-V
B,ab9f2dfc2ed968121e829a2d,0.13616355277315856,0.1883145272731781,0.004535442922493451,Impetigo,Molluscum,,no ITA
B,ad5411a97749e42efdf980f6,0.23460895620621272,0.3295603394508362,0.05842461553260308,HFMD,Varicella;HFMD,74.4920853106931,I-II
B,aec0f2f6a940ad58410cdbaa,0.38251225174103687,0.4575961232185364,0.0049394622632902814,Molluscum,Molluscum,44.80855996210309,I-II
B,b0ceb0dba1b2bb4f4f194c22,0.2794324248384378,0.33981001377105713,0.030580764519112978,HFMD,Varicella;HFMD,66.03961179787774,I-II
B,b5c2d400347da3a9321d9293,0.4162173819279707,0.6741435527801514,0.05221699529576619,HFMD,HFMD,48.35923624730581,I-II
B,b78574de9eb11a171bb4a86f,0.11126785900264156,0.15946577489376068,0.03936581996376859,HFMD,HFMD,69.71754075603772,I-II
B,b9393225ce126de09d300312,0.17441692451034613,0.9851533770561218,0.7656211853027344,Tinea corporis,Tinea corporis,33.56054614434689,III-V
B,bb72d53ee9471803a6e58e86,0.1642094017094017,0.23240745067596436,0.00769019225480637,Impetigo,Molluscum,-26.084350443417208,III-V
B,bba4b74c7491eddd9ba98f0c,0.5325342465753424,0.654011607170105,0.013376415815440206,Warts,Warts,44.49656887318369,I-II
B,bbadabac3b854a1cfa39ed24,0.013098306974151746,0.009602691046893597,0.014754098360655738,Impetigo,Tinea pedis;Impetigo,-5.434946440955132,III-V
B,bc632759cde3e92f84aebfe4,0.6329849012775842,0.730238139629364,0.003677298311444653,Warts,Warts,-13.805485259026968,III-V
B,bcda6111f76e0b262f1dcb3c,0.4255309659521707,0.6390984058380127,0.4746725383920506,Tinea versicolor,Tinea versicolor,22.60060924570518,III-V
B,bdad77fddcdfb74ee4dd1bc8,0.17441372095331914,0.6747622489929199,0.29539794921875,Tinea pedis,Tinea pedis,26.194905851168777,III-V
B,be2afd3b9da486979819e029,0.10074994318612226,0.1455325186252594,0.01467013315119601,Varicella,Varicella,71.51880542762804,I-II
B,bf5982d36eb87a21b3e1634e,0.09107653137231003,0.9966827630996704,0.5633468627929688,Tinea corporis,Tinea corporis,7.762790650890919,III-V
B,bfc05e4a806a7976b9674eb7,0.18010679699520318,0.294983834028244,0.010676459421599047,Impetigo,Impetigo,68.42054932932635,I-II
B,c020866d993df86293369f10,0.27346607498603365,0.3646669089794159,0.14008679941871882,Varicella,Varicella,53.3892452215504,I-II
B,c0e9448adc9cb3ffb44d5691,0.1571996134435735,0.43296173214912415,0.15467881944444445,Impetigo,Tinea versicolor;Tinea corporis,31.38413161179476,III-V
B,c511abffd5ffec0fbde3b743,0.14031700417583404,0.18867306411266327,0.025713788300835656,Varicella,Varicella,66.16611881289059,I-II
B,c63dee141e8a64d43a0f1886,0.13254776181843536,0.8844481110572815,0.2795559630102041,Tinea corporis,Tinea corporis,28.74173534127753,III-V
B,c691e8ac0fec475ccfeef5b7,0.5326245412959333,0.7389592528343201,0.3141377239515564,Impetigo,Impetigo,-5.823937755673735,III-V
B,c74dec14a9b6aa130e4c5070,0.39360263359298825,0.6957359313964844,0.4530274340073488,Tinea versicolor,Tinea versicolor,-13.932599398407763,III-V
B,c7a1c5b5ccb80e21c6cd41a5,0.19597989949748743,0.2803620994091034,0.014436640854793206,Molluscum,Molluscum,2.088819069123265,III-V
B,c9cf19ba84bae46d4995d37f,0.22781954887218045,0.3334135115146637,0.0057169811320754715,Molluscum,Molluscum,85.65034140586202,I-II
B,cefe529bd5937d373adb2c95,0.3340703360732494,0.46839940547943115,0.24075161479741633,Tinea corporis,Tinea versicolor,37.3517621314878,III-V
B,cf50e0e77bcf10def72233de,0.15410720966276523,0.19038265943527222,0.051448932260109624,HFMD,HFMD,74.08449335086394,I-II
B,cfc486c8669c915f8c914a36,0.24146217634117448,0.7250709533691406,0.15209493964716805,Impetigo,Impetigo,52.65754653978812,I-II
B,d00d0854f045f708e40f3350,0.3894686452848253,0.8539304137229919,0.031259765625,Warts,Warts,48.48217278896092,I-II
B,d04dc9e55527506d36dc134f,0.17502061761202237,0.948982298374176,0.2170360331632653,Tinea corporis,Tinea corporis,55.45121484410712,I-II
B,d1c6eb9ed7ff3987f1b13685,0.22810381238190508,0.31355640292167664,0.08185188085728456,HFMD,HFMD,16.52280087381362,III-V
B,d1fada22d8936278bde6503d,0.31091952365848735,0.5202850103378296,0.12161979414489996,Varicella,Varicella,18.455073600755583,III-V
B,d217da2f11f6ace74e5d6263,0.21020282728948986,1.0,0.1930546216825535,Molluscum,Molluscum,66.00495107509435,I-II
B,d5748994d0d40ef5898505a8,0.19389978213507625,1.0,0.1829559948979592,Tinea corporis,Tinea corporis,29.65623116379043,III-V
B,d7503554713e32fb341bf16f,0.5213062163307306,0.6284962892532349,0.09296837421837421,Varicella,Varicella,-2.728880569359457,III-V
B,d751d537d455c5c1b6be31c2,0.29739130434782607,0.355083703994751,0.0850480109739369,HFMD,HFMD,49.62926570939283,I-II
B,d819a2eacdedc739c70870fe,0.13250723428429406,0.173240527510643,0.044428471957053975,HFMD,HFMD,-25.665607448398653,III-V
B,d87906ecf1149c8334557a31,0.46798920240399305,0.7128711938858032,0.30543489140226204,Tinea versicolor,Tinea versicolor,-14.287387964597071,III-V
B,d9bd3d1d36aa131391e9ac29,0.17316367842683633,0.5188358426094055,0.06912135621252842,Impetigo,Warts;Molluscum,40.64699515158512,III-V
B,da3fd377ee1112010d08e1f3,0.15011994566316947,0.21925586462020874,0.01786987794689977,Varicella,Varicella,44.33409688378202,I-II
B,dc9d4d5e3c7fea903ea14b70,0.3298576393848498,0.6767408847808838,0.1077734375,Warts,Warts;Tinea versicolor,-37.68766190963479,VI
B,de41ed8980c77d08ecced77c,0.5923000987166831,0.8652089238166809,0.03222540171692714,Warts,Warts,16.224942741835658,III-V
B,ded01b7b9d90b3bd3cc08be0,0.08427188302706975,0.11771203577518463,0.004958333333333334,Warts,Warts,-9.779242781497883,III-V
B,df238633fb4c3f7ac3243730,0.14190512286021098,0.15433023869991302,0.03054769477348426,Impetigo,Varicella,48.83047080813293,I-II
B,df301033a11dbd9dd051f64d,0.29097769641723015,0.8727729320526123,0.3473357620181493,Tinea corporis,Tinea corporis,-10.776585394421236,III-V
B,df380e8355ad4a0876ae28de,0.13191724137931035,1.0000001192092896,0.28093806187612375,Tinea corporis,Tinea corporis,36.306750340347406,III-V
B,e03e689cba9795fd074f9898,0.6609105180533752,0.7232335805892944,0.004405200093977602,Warts,Warts,22.90110541612804,III-V
B,e3b95aab17e2c85b73f190a1,0.4957046048770076,0.8520117998123169,0.08686326002846662,Warts,Warts,27.387679368299352,III-V
B,e58ff067f88ed73ffb92775c,0.24575419289984657,0.41182559728622437,0.23400661035622475,Varicella,Varicella,3.4342424589578124,III-V
B,e5cb56865e498869d68c76a9,0.29302352795854814,0.45310717821121216,0.3428846656217346,Varicella,Varicella,55.11059832108642,I-II
B,e69b56349ece2021c5a325af,0.4601392469441083,0.47971323132514954,0.428271484375,Tinea versicolor,Tinea versicolor,-19.663888017246,III-V
B,e780ae90789a5c3f7b9b002d,0.11047920939772515,0.9944730997085571,0.6300023494400501,Tinea pedis,Impetigo,85.21043425077022,I-II
B,e7efc57af1bfadbfc1596a17,0.27485210905349794,1.0,0.17618669989804012,Tinea corporis,Tinea corporis,43.9863794198214,I-II
B,e8a6d05db5f4a4b474b74942,0.6251138940097049,0.6881969571113586,0.3083951822916667,Tinea versicolor,Tinea versicolor,14.387912542636156,III-V
B,ea2f5854e3b5c6d41d18aaf9,0.0939037654736624,0.13617974519729614,0.01814733070081928,Varicella,Varicella,47.8545575621818,I-II
B,ea5ed42bb5f37f2ad29f53b6,0.0967305611377338,0.1766667366027832,0.09856662024141133,Warts,Impetigo,13.63748408569827,III-V
B,ea6db4eb785e3d8ad0b0ff0b,0.36710492394947153,0.3997593820095062,0.018855014985922316,Molluscum,Molluscum,78.91105980695853,I-II
B,ee6b8a0388b3809b77bd799b,0.5322723253757736,0.7931540608406067,0.05667163437655241,Impetigo,Warts;Impetigo,15.187856100419252,III-V
B,ee835c0d37e9b108cb5d60e9,0.18902672277173616,0.27508682012557983,0.017295432385809644,Varicella,Varicella,58.747061301853165,I-II
B,ef7c707eb5387a4d9737677e,0.17875205030071076,0.9849074482917786,0.14645180662596335,Warts,Warts,13.303333336433203,III-V
B,f0da825b45e10a72a03fa2ec,0.2708158116063919,0.2767215371131897,0.018323863636363635,Impetigo,Impetigo,44.880613772990806,I-II
B,f25a11ef588eda5f130531a5,0.40941878782853824,0.44949156045913696,0.03485065866701448,Varicella,Varicella,47.15578878846695,I-II
B,f27eaa14593ec8c8aa59029a,0.4279390063944909,0.47711560130119324,0.00283890672723001,Molluscum,Molluscum,36.46429388550936,III-V
B,f4534d1be220d702c0ad1714,0.2292356879734958,0.30541786551475525,0.10468111455108359,Tinea versicolor,Tinea versicolor,49.57930659798866,I-II
B,f4a42af25ae73c21cb9c840c,0.4633071577876956,0.5683268308639526,0.05752097030151893,Impetigo,Molluscum,39.950229625257336,III-V
B,f8becc54c0f36a4101a78fa7,0.27756338750037685,0.3615705072879791,0.09906586954200917,Varicella,Varicella,32.172955228843904,III-V
B,fd55526fbffef1b60d9510be,0.3784581335300627,0.9042141437530518,0.05210134128166915,Warts,Warts,52.27125908761948,I-II
B,fe64cb9716022e261b2a5633,0.5189822294022617,0.8194271326065063,0.019706765935214213,Warts,Impetigo,-82.10455844718622,VI
C,00722c0022ce074f26265087,0.28640999333336487,0.3464917838573456,0.28380277730927084,HFMD,HFMD,54.35404529121761,I-II
C,00bd76536271905681e4462c,0.045437235005881704,0.10599580407142639,0.02418032786885246,Impetigo,Impetigo,-32.84532969801713,VI
C,00cf569cf91b5a7855547f9a,0.07825392600479106,0.1400623619556427,0.020759046778464255,Molluscum,Molluscum,51.16902966225568,I-II
C,04033cfb85fc5af497ad6e56,0.008459489426742588,0.016455845907330513,0.006233723958333334,Molluscum,Molluscum;Varicella,6.474413029199192,III-V
C,0425f20d2a6f9e70792d8c65,0.15887783752914864,0.22844286262989044,0.11377826718735809,Impetigo,Molluscum;Tinea corporis;Impetigo,35.58159757040907,III-V
C,058b333c466e8dc301052e68,0.04027921494122237,0.07496610283851624,0.015458984375,Molluscum,Molluscum,74.83823983198947,I-II
C,058c1d941a8b62294b38a85d,0.022973990334409986,0.046309277415275574,0.009469042936003884,Molluscum,Molluscum,32.4331239524529,III-V
C,063238ff3be92358dc57015c,0.09611476064312416,0.11361400783061981,0.0900765306122449,Varicella,Impetigo,66.42521248880048,I-II
C,07e37e164ae929c6003bd97e,0.011296619320541573,0.026105614379048347,0.0067420186396985925,Warts,Warts,38.92474035597934,III-V
C,0abefa9a60d9fe79681f41d9,0.11282740094022835,0.11828037351369858,0.10586011342155009,Warts,Tinea versicolor,-5.653649324221356,III-V
C,0b712f897c4add86608b91b6,0.422424503663886,0.43967822194099426,0.41723433242506813,Varicella,Tinea versicolor,2.54336491056276,III-V
C,0e13c8b58bb44e84cce913d3,0.08098580585656737,0.1081007868051529,0.07944196797094272,Tinea versicolor,Tinea versicolor,-7.413110695144039,III-V
C,0e60eb423a7fc71abef25c2d,0.05206141865795837,0.08967951685190201,0.010500383156321446,Molluscum,Molluscum,24.731404932261142,III-V
C,0f0726987f9dc17cf741b464,0.1212006105753336,0.1809234470129013,0.06801507039460639,Varicella,Molluscum,60.001564198872586,I-II
C,130c0b07c19038dab2859712,0.10726839631751754,0.1979997307062149,0.04857159514925373,Molluscum,Molluscum,62.66423271147564,I-II
C,14cb8219a595d17a1b8ecbf7,0.07065062251597462,0.09505054354667664,0.06054988896834657,HFMD,HFMD,7.737369866765834,III-V
C,14cd6a015317f378729f01ce,0.028279559322802853,0.044884249567985535,0.018732313240339585,Varicella,Varicella,38.2861216122385,III-V
C,15605eebcb7c21b075709336,0.034925425193924824,0.08089598268270493,0.023038293785762876,Warts,Warts,56.732952778559394,I-II
C,177a2277b22684e41d563e22,0.031206919343568826,0.05165579915046692,0.02163439508791223,Varicella,Varicella,59.4315750069317,I-II
C,17fbf30346c613fe8dc7a497,0.06210962675344722,0.09845727682113647,0.055427218934911246,HFMD,Warts,36.813375296226994,III-V
C,18b1a94bb3c285c5451bf96c,0.07362768007215184,0.13739758729934692,0.044517152488598055,Warts,Warts,82.41784006975932,I-II
C,197ac20d872b8d8e0c7547aa,0.028834487997913667,0.06360016018152237,0.01139336917562724,Molluscum,Molluscum,55.37485161335487,I-II
C,19868d71db058e76c02c24b8,0.5681441741069956,0.6128492951393127,0.4992608558273901,Tinea versicolor,Tinea versicolor,31.106804055395443,III-V
C,199fc42a394c6d83975adb79,0.15050757687214947,0.23390640318393707,0.02670530190304644,Molluscum,Molluscum,52.82629946091298,I-II
C,1d5824b665f7cff297928581,0.14090269938407304,0.16181308031082153,0.13570022583007812,Tinea corporis,Tinea corporis,3.338666584298253,III-V
C,1d5e9f83bd3957b9a541d853,0.3291805789920894,0.41428622603416443,0.31478118896484375,Tinea corporis,Molluscum;Tinea corporis,-22.21172973595706,III-V
C,1d9ee058a6888b3e8b58a620,0.008223351642921973,0.007282919716089964,0.0096,Warts,Impetigo,-55.96594347715222,VI
C,1dce46c48fa8bcd4bad3a3e6,0.14851708866479876,0.18335025012493134,0.13651303735024664,Tinea versicolor,Tinea versicolor,24.70914213711461,III-V
C,206f51c97a4cc86740dba1c9,0.2983296712239583,0.3133420944213867,0.2983296712239583,Tinea versicolor,Tinea versicolor,9.879111541582793,III-V
C,24a2a19f8e35ce4b3cb630de,0.014819635552249907,0.02151009626686573,0.014431869624264373,HFMD,HFMD,61.79328966784019,I-II
C,25ae7146196dc5ceb2346975,0.42919250557409355,0.48169034719467163,0.4229288970967274,HFMD,HFMD,31.34073461991112,III-V
C,25c2203def21f7605198224b,0.015598271224347931,0.034648045897483826,0.012233481481481482,Molluscum,Molluscum,,no ITA
C,2767b0b65e33f948bac6e945,0.29835011582281473,0.39114245772361755,0.25155452806122447,Tinea corporis,Tinea corporis,66.80241871521059,I-II
C,28c436fdb0fbb87f5cc695de,0.004848622439878703,0.009113851934671402,0.0029900747518687965,Molluscum,Warts;HFMD,33.016404921023266,III-V
C,29fac24ecc9c28c6c9340743,0.09679076432259984,0.14834339916706085,0.07134885204081633,Impetigo,Impetigo,80.74137684597478,I-II
C,2a375d2a00c9dae44d18219f,0.8010450507067522,0.81974196434021,0.8148982165375608,Varicella,Varicella,64.9733833223729,I-II
C,2b2727678073b979a33b83c7,0.016730864197530865,0.018476244062185287,0.016730864197530865,Impetigo,Warts;Tinea versicolor;Impetigo,6.5869415156070845,III-V
C,2f6ffedc56eb1993bcbef361,0.05630959838518828,0.07834064960479736,0.054353668368718085,HFMD,HFMD,35.32194844936822,III-V
C,2fd2df9e7b032752e89990d8,0.06876313209132932,0.13908188045024872,0.02367380401234568,Molluscum,Molluscum,83.11417721627772,I-II
C,30b331e6d4c550174b4eeb3d,0.032549797035778344,0.05370102822780609,0.02589210621170251,Varicella,Varicella,55.42766917058201,I-II
C,3726c2dc78c5ac3c80b32aa0,0.07109074942071461,0.08591514825820923,0.0672542277875371,Tinea versicolor,Tinea versicolor,2.8582235599385544,III-V
C,3abcca8d82c63a89c59b25e4,0.652608163118268,0.7847788333892822,0.43048189866760167,Tinea corporis,Tinea versicolor,-8.5214030397238,III-V
C,3b34700c4291995b2b184248,0.2514420738063799,0.3939956724643707,0.0724904828691645,Impetigo,Impetigo,45.36162863982482,I-II
C,3bf12e5119d63e254c06ddec,0.8102005395119299,0.8363228440284729,0.8071791666666667,Tinea versicolor,Tinea versicolor,39.18002489556003,III-V
C,3ce80e21f95b92f40cbbb394,0.10262570466497674,0.1715041548013687,0.05429886898208387,Warts,Warts,19.46519399441709,III-V
C,3d70eca6aa08428d328b6052,0.06463585714858311,0.10366647690534592,0.06084915627735684,HFMD,HFMD,38.20810848832208,III-V
C,3e9681f4b34eb68d78002cba,0.8497220996912219,0.8643350005149841,0.8246018559334486,Tinea versicolor,Tinea versicolor,-1.8911998195687485,III-V
C,4205153f7fdae63ffd7017e8,0.007279534109816971,0.01657247170805931,0.0036458333333333334,Warts,Warts,64.57515092082564,I-II
C,422143a960ae73503f375b09,0.024041702919430353,0.04979535564780235,0.020843810208013583,Molluscum,Molluscum,54.365906002716535,I-II
C,42c710771a062d4a77923ee0,0.3729852991121246,0.44186240434646606,0.27921875,Tinea corporis,Tinea versicolor,18.70063939074283,III-V
C,434b605d171435edbc358af7,0.6199859560975397,0.6895164251327515,0.5555419921875,Tinea corporis,Impetigo,42.682445612215645,I-II
C,4393f172c4940d79e4ab0aed,0.20491239669421488,0.24964086711406708,0.20491239669421488,HFMD,HFMD,46.73253934182625,I-II
C,43ca36715c9cd7423df6552c,0.016407102821727887,0.030380407348275185,0.010663374485596708,Warts,Molluscum,-19.747135278358737,III-V
C,45947da12fc08fc8167a7a69,0.012817097987406642,0.02471485361456871,0.006017166179824737,Warts,Warts,19.911436170290088,III-V
C,45a9298f53fd946836296643,0.5925952660625111,0.6770901679992676,0.5192574542254713,Tinea versicolor,Tinea versicolor,32.02352987932723,III-V
C,45c60b78f66e7003666f378c,0.023371840473417484,0.04541467875242233,0.014875660514387318,Warts,Warts,-33.44726951939319,VI
C,45dc6fc0730ac5e5e65a611f,0.10313508781528698,0.14089719951152802,0.10018069727891156,HFMD,HFMD,58.730381610581375,I-II
C,461658759bfe911b5de60954,0.40537842160243315,0.5182185769081116,0.14301368790787325,Impetigo,Molluscum,37.83332494037407,III-V
C,46fd2836524b2e79485153ad,0.022580159566460936,0.04066847637295723,0.012345679012345678,Impetigo,Impetigo,-17.46261398284018,III-V
C,4795ef24d5bdd4cb736b9fff,0.15221823402727924,0.2212911695241928,0.15211776859504134,Impetigo,Warts;Tinea pedis,70.82464778658785,I-II
C,4827e13c0e04cf732c3c3f3f,0.17369498656949114,0.2676633298397064,0.11561640410102525,Molluscum,Molluscum,-1.2277666605788498,III-V
C,484ca9f390e7874a21bb8475,0.22736932730417517,0.27759554982185364,0.19286238322708968,Varicella,Impetigo,-43.649755661744685,VI
C,4a63b5022385cf885142d5c4,0.019173049793120425,0.039580076932907104,0.010134120708637773,Warts,Warts,38.205153012873936,III-V
C,4b7f0bb26cb6e36e7c8deee0,0.05264164853778696,0.05903596058487892,0.0519482421875,Tinea versicolor,Tinea versicolor,-14.619608822310228,III-V
C,4cb975fa3944cd81815c846c,0.008318005313713468,0.01179562695324421,0.008152309988082003,Molluscum,Varicella,14.65607931753093,III-V
C,4d377afa2f1998905fbd9913,0.0770121311224329,0.13024424016475677,0.055651041666666665,Varicella,Molluscum,47.69140047759724,I-II
C,4e140ab0f19a69a5a67198e0,0.40123778449402353,0.44391679763793945,0.3861882716049383,HFMD,HFMD,63.86947152389086,I-II
C,4ed8b1c66aff57265e8a1f7a,0.4620785906037615,0.4818427860736847,0.44583892822265625,Tinea corporis,Tinea versicolor,-20.93254630001175,III-V
C,50e25fdd3abb0d7b5ac5a3a3,0.050199549483374954,0.07667291909456253,0.04759168987929434,HFMD,Molluscum;HFMD,67.20072991006487,I-II
C,50e55c2084873b3099813c23,0.2885518378441606,0.4377121329307556,0.1686328125,Impetigo,Impetigo,-35.89304884002506,VI
C,51ffb30e972502de8ca18d5d,0.6080901061718198,0.7062894105911255,0.5779560753382743,Tinea corporis,Varicella,48.12805538739492,I-II
C,530ec21c8433623f880e98b8,0.0830386917915545,0.13450837135314941,0.02707819496169354,Molluscum,Molluscum,48.6556683732451,I-II
C,53caad93eba941b3b0fef9b4,0.02422011238132145,0.06061115115880966,0.011277064955894147,Warts,Warts,39.846705516701775,III-V
C,55e3dfe9480a2b007dec946b,0.19943547328344494,0.34413620829582214,0.099638671875,Warts,Warts,82.77705567190975,I-II
C,5b5d0760a6793f739b110ae8,0.6352592215521967,0.6434336304664612,0.6352592215521967,Tinea versicolor,Tinea versicolor,65.41531202119224,I-II
C,5d63921ac5b970962ebf4eeb,0.22236723035156947,0.3137197196483612,0.151575,Warts,Warts;Impetigo,-35.42467695338999,VI
C,601631f14e53a55fcfc077f3,0.669696741248031,0.6932738423347473,0.6438560485839844,Tinea corporis,Tinea corporis,67.76666705133704,I-II
C,609215618e2eb387c181c62a,0.054590590916490316,0.07322011142969131,0.05322931382041555,HFMD,HFMD,17.1872891796836,III-V
C,60a555c8d9cbcf69692c2928,0.07955604967296194,0.08456519991159439,0.07934086629001884,Tinea versicolor,Tinea versicolor,47.73791884516175,I-II
C,6517f427ef60fceaf85683aa,0.4084799729907505,0.5225222706794739,0.35931982670105933,Varicella,HFMD;Impetigo,62.2542920746979,I-II
C,6565900220c9392674f6d78e,0.23415774507010312,0.2928767502307892,0.23415774507010312,Tinea versicolor,Tinea versicolor,36.11704913529004,III-V
C,65eec236caa37d2c2c072949,0.8532703585978422,0.9305400848388672,0.8524607896160087,Tinea pedis,Tinea pedis,70.06578331081883,I-II
C,683b35be0c1d5ff886e5f5b0,0.12546923787582884,0.2014078050851822,0.10534739405365068,Warts,Molluscum,81.64459046872189,I-II
C,69045f22f7d6910d1b609d19,0.3002836904740664,0.3731490671634674,0.1905570652173913,Tinea corporis,Warts;Tinea versicolor,-27.18306683315137,III-V
C,696af1538f56bd9a3dcc8881,0.4303448830453444,0.5116481781005859,0.4720551378446115,Varicella,Varicella,69.39481897455559,I-II
C,6a029f29e6433fa6212cb681,0.2670759171812568,0.37170201539993286,0.18396493141910658,Impetigo,Impetigo,56.75030244808714,I-II
C,6a61b737e398ddea6a7b69df,0.20857355802884736,0.24754510819911957,0.2081298828125,HFMD,HFMD,39.52080228194633,III-V
C,6b35d69443dec7bf9e8554c7,0.013029315960912053,0.034138940274715424,0.008363094344907616,Warts,Warts,32.41968919203618,III-V
C,6b94765509993ce256a69692,0.025629921607791498,0.057830195873975754,0.00948555578815156,Molluscum,Molluscum,68.73720215765327,I-II
C,6ed5e9041e0f274c8af4ea95,0.0027313076135199728,0.006937134545296431,0.0019603230612404926,Warts,Warts,18.088738227211238,III-V
C,6f2fcd7863299774b259eca7,0.0647607934655776,0.08451846241950989,0.05757732780612245,Impetigo,Impetigo,51.38413427386404,I-II
C,705addc5fe15b199ce3a755b,0.7508393183460117,0.8303304314613342,0.7703274671419025,Tinea pedis,Tinea pedis,-2.819996384688756,III-V
C,70bbb2b2be0a8eeb151567ac,0.13752266214398504,0.17336508631706238,0.12994345079113634,HFMD,Impetigo,47.954269963137655,I-II
C,741106ffea83a4ba4d9805f5,0.17419260081270296,0.23394663631916046,0.1397431365618004,Impetigo,Tinea corporis;Impetigo,36.05295442644056,III-V
C,765ef6b66cf976c8047f4f66,0.012846187211030003,0.029059119522571564,0.006970734931794964,Molluscum,Molluscum,68.2998414043822,I-II
C,76bb8f2af3e2465c2328b46d,0.16994695888640585,0.22099144756793976,0.12488129154795821,HFMD,HFMD,-11.527122507341812,III-V
C,79200e58355b114110be16d7,0.007134692673573984,0.016875887289643288,0.004263335316279992,Warts,Molluscum,65.50464400009051,I-II
C,7968ae48a455841c26b5b927,0.04159460373867597,0.07708274573087692,0.033532142639160156,Impetigo,Impetigo,-39.56969685170971,VI
C,7de0b544a4cc8c173084d91a,0.19064171122994653,0.2359778732061386,0.07416793969597556,Varicella,Molluscum,40.77903088832919,III-V
C,7e4b5ffdc39861406fd71481,0.47786577630558885,0.6109288930892944,0.44072723388671875,Tinea corporis,Varicella;Impetigo,28.55059535887096,III-V
C,7e9210ff3ed49ea404bee378,0.0153925887535631,0.03099175915122032,0.007425,Molluscum,Warts,46.9795071142817,I-II
C,803dd3b55c24617632679ba5,0.41717492636998216,0.546308696269989,0.501594387755102,Tinea pedis,Warts,68.08691073421134,I-II
C,804290ff7dd8ba00ac80d80c,0.22524174993161816,0.34892764687538147,0.1478465665462687,Impetigo,Impetigo,40.4403596926366,III-V
C,81c3cf568bab6999bd09b3a9,0.01818655268447744,0.04062855243682861,0.007696546163150114,Molluscum,Molluscum,60.846279207199984,I-II
C,8491b532cabc56e8f3fbf5bf,0.8385353088378906,0.8416426777839661,0.8385353088378906,Tinea corporis,Molluscum;Tinea corporis,50.92906800123544,I-II
C,84e41b2c0d7a71116b62c93a,0.12223919172932331,0.1854071170091629,0.068110705261642,Varicella,Impetigo,21.608391493001943,III-V
C,850a43a638101b2d73398dae,0.04851136985230913,0.08758928626775742,0.031067961165048542,Warts,Warts;Molluscum,-25.856378226791158,III-V
C,8906c57324c289a6e18bce2c,0.25154098690161136,0.26103973388671875,0.19383553699837625,Impetigo,Varicella,-15.587498013556862,III-V
C,89fc8e99914d98374d0962f6,0.1346483405029203,0.23258860409259796,0.05652454780361757,Molluscum,Molluscum;Varicella,81.84601005695308,I-II
C,8ad5871d5c3d9004df467b13,0.450439949720032,0.6048267483711243,0.19535298488976963,Tinea corporis,Tinea corporis;Impetigo,18.556176843009776,III-V
C,8b728a252334017cf9ed91b2,0.02455383462923016,0.05311404913663864,0.01475,Warts,Warts,35.299983251198505,III-V
C,8ca33651fdc6e0989475c1bc,0.07183012854943245,0.08557172119617462,0.04338826137271201,Impetigo,Molluscum,14.52282668007573,III-V
C,8f37e22fea8c67c63325d52c,0.28578654960732536,0.39717063307762146,0.21769200626959248,Tinea versicolor,Warts,82.91862150271106,I-II
C,9085befa3897cd8db137262e,0.8802368122405898,0.9014533162117004,0.846221923828125,Tinea corporis,Tinea corporis,-48.66125132274832,VI
C,946431d0bbc3d4829fd36f21,0.5054755271950919,0.5468416213989258,0.42776234567901233,Tinea versicolor,Molluscum,13.384565032525474,III-V
C,9488d2f907900a18f4c60d75,0.1126888560717937,0.15710598230361938,0.10435239973701513,HFMD,HFMD,47.18361158077677,I-II
C,949a3dd5c1f57f82b2aff746,0.06021587116459005,0.11055838316679001,0.03768131997028503,Varicella,Varicella,66.29434320328131,I-II
C,94d09162ed8f620673142e4a,0.6709570485978936,0.7040137052536011,0.6454849243164062,Tinea corporis,Tinea corporis,9.486960152183336,III-V
C,9649bfdcc59063a94ddc996a,0.1562306402139587,0.2765808403491974,0.11714288951327835,Tinea corporis,Tinea corporis,6.25129131930641,III-V
C,970da0db2e243e3f66ead561,0.049464027689102456,0.09307320415973663,0.028815096604960424,Warts,Warts,48.599629524621314,I-II
C,97693d17b414e90ba50068c5,0.021868614408069215,0.03161747381091118,0.019352108341028008,HFMD,HFMD,34.3735119368124,III-V
C,9915192b884dd5e82ce13b02,0.09302074940081807,0.12026485055685043,0.061295572916666666,Tinea versicolor,Warts,26.12659716691037,III-V
C,9a09256e53d71c27f2494b2b,0.032843706181695964,0.04593298211693764,0.024073289964971708,Varicella,Varicella,56.241268888142194,I-II
C,9d3e9fef055268cf8bb1b752,0.6843452149868876,0.7213566303253174,0.65899658203125,Tinea corporis,Tinea corporis,31.6527568736788,III-V
C,9e8b998e8ddd81fbe4207114,0.012510000156865205,0.017333149909973145,0.01041938855500392,Warts,HFMD,-4.428891127621192,III-V
C,a0e6dee01d436d612ee72025,0.04604752252802266,0.08761598914861679,0.030786311389759666,Impetigo,Impetigo,43.3807404198288,I-II
C,a1b116a1193e21bb56edc6f3,0.004545936859505978,0.010168041102588177,0.002656172501109458,Molluscum,Molluscum,45.63561681499499,I-II
C,a1e50a68fd0057bebf7e3775,0.014581018885891129,0.012966552749276161,0.014019012451171875,Tinea corporis,Tinea corporis,-41.370952953411134,VI
C,a2db994b68ca188cf552f695,0.060759493670886074,0.08263052254915237,0.06055555555555556,HFMD,HFMD,62.537520490042006,I-II
C,a4221062c0ac1a3eb70302d5,0.011633750057102831,0.028080902993679047,0.004925854287556415,Molluscum,Molluscum,36.67960938392071,III-V
C,a60969d5d95d0c7d11d2cf3c,0.032716885564520876,0.06865545362234116,0.018082682291666666,Molluscum,Molluscum,40.22865317479667,III-V
C,a9841de0d6da305c9d57530f,0.08697367223295471,0.11247457563877106,0.083974609375,Tinea versicolor,Tinea versicolor,-17.880088409755132,III-V
C,a98b769c554030194e77ce0b,0.0198375013189828,0.040639884769916534,0.011492144996637936,Warts,Warts,36.49614229567671,III-V
C,ab9f2dfc2ed968121e829a2d,0.009422212595440516,0.019024893641471863,0.004535442922493451,Impetigo,Molluscum,,no ITA
C,ad5411a97749e42efdf980f6,0.0656682472507105,0.08414869010448456,0.05842461553260308,HFMD,HFMD,74.4920853106931,I-II
C,aec0f2f6a940ad58410cdbaa,0.009780518961045663,0.02053934708237648,0.0049394622632902814,Molluscum,Molluscum,44.80855996210309,I-II
C,b0ceb0dba1b2bb4f4f194c22,0.04929395834676639,0.08137458562850952,0.030580764519112978,HFMD,Varicella,66.03961179787774,I-II
C,b5c2d400347da3a9321d9293,0.07569553437557541,0.07392282783985138,0.05221699529576619,HFMD,Molluscum,48.35923624730581,I-II
C,b78574de9eb11a171bb4a86f,0.040443600893093255,0.05505535006523132,0.03936581996376859,HFMD,Molluscum;HFMD,69.71754075603772,I-II
C,b9393225ce126de09d300312,0.7940363106942077,0.8198056221008301,0.7656211853027344,Tinea corporis,Tinea versicolor,33.56054614434689,III-V
C,bb72d53ee9471803a6e58e86,0.011302258247047671,0.02227872796356678,0.00769019225480637,Impetigo,Molluscum,-26.084350443417208,III-V
C,bba4b74c7491eddd9ba98f0c,0.02240717029449424,0.046950262039899826,0.013376415815440206,Warts,Warts,44.49656887318369,I-II
C,bbadabac3b854a1cfa39ed24,0.023303125577954505,0.0381602942943573,0.014754098360655738,Impetigo,Impetigo,-5.434946440955132,III-V
C,bc632759cde3e92f84aebfe4,0.004844889383265357,0.01081895176321268,0.003677298311444653,Warts,Molluscum;Impetigo,-13.805485259026968,III-V
C,bcda6111f76e0b262f1dcb3c,0.48130267055500703,0.4923463761806488,0.4746725383920506,Tinea versicolor,Tinea versicolor,22.60060924570518,III-V
C,bdad77fddcdfb74ee4dd1bc8,0.30595099848619955,0.3712199926376343,0.29539794921875,Tinea pedis,Tinea pedis,26.194905851168777,III-V
C,be2afd3b9da486979819e029,0.020300209353848655,0.03668724745512009,0.01467013315119601,Varicella,Varicella,71.51880542762804,I-II
C,bf5982d36eb87a21b3e1634e,0.5737096920093919,0.6381370425224304,0.5633468627929688,Tinea corporis,Tinea versicolor,7.762790650890919,III-V
C,bfc05e4a806a7976b9674eb7,0.014612534885075235,0.026594432070851326,0.010676459421599047,Impetigo,Impetigo,68.42054932932635,I-II
C,c020866d993df86293369f10,0.15475983859070594,0.1916722059249878,0.14008679941871882,Varicella,Varicella;HFMD,53.3892452215504,I-II
C,c0e9448adc9cb3ffb44d5691,0.19010005265929436,0.2604389786720276,0.15467881944444445,Impetigo,Tinea corporis,31.38413161179476,III-V
C,c511abffd5ffec0fbde3b743,0.026690680850294857,0.04197322204709053,0.025713788300835656,Varicella,Varicella,66.16611881289059,I-II
C,c63dee141e8a64d43a0f1886,0.2899638242894057,0.3345269560813904,0.2795559630102041,Tinea corporis,Tinea versicolor;Tinea corporis,28.74173534127753,III-V
C,c691e8ac0fec475ccfeef5b7,0.5081234837872006,0.4997720420360565,0.3141377239515564,Impetigo,Varicella,-5.823937755673735,III-V
C,c74dec14a9b6aa130e4c5070,0.46153978712038096,0.4861065447330475,0.4530274340073488,Tinea versicolor,Tinea versicolor,-13.932599398407763,III-V
C,c7a1c5b5ccb80e21c6cd41a5,0.03098827470686767,0.05778200179338455,0.014436640854793206,Molluscum,Molluscum,2.088819069123265,III-V
C,c9cf19ba84bae46d4995d37f,0.012390104273154774,0.02798292599618435,0.0057169811320754715,Molluscum,Molluscum,85.65034140586202,I-II
C,cefe529bd5937d373adb2c95,0.308701334706325,0.41340771317481995,0.24075161479741633,Tinea corporis,Tinea corporis,37.3517621314878,III-V
C,cf50e0e77bcf10def72233de,0.05263244312724227,0.06519487500190735,0.051448932260109624,HFMD,HFMD,74.08449335086394,I-II
C,cfc486c8669c915f8c914a36,0.20579644141526768,0.3037799596786499,0.15209493964716805,Impetigo,Impetigo,52.65754653978812,I-II
C,d00d0854f045f708e40f3350,0.039528604005960366,0.0707668662071228,0.031259765625,Warts,Warts,48.48217278896092,I-II
C,d04dc9e55527506d36dc134f,0.22726798422271846,0.2825387418270111,0.2170360331632653,Tinea corporis,Tinea corporis,55.45121484410712,I-II
C,d1c6eb9ed7ff3987f1b13685,0.08500111825741608,0.11200594156980515,0.08185188085728456,HFMD,HFMD,16.52280087381362,III-V
C,d1fada22d8936278bde6503d,0.1949128420979998,0.21545982360839844,0.12161979414489996,Varicella,Varicella,18.455073600755583,III-V
C,d217da2f11f6ace74e5d6263,0.48819763952790557,0.6341348886489868,0.1930546216825535,Molluscum,Molluscum,66.00495107509435,I-II
C,d5748994d0d40ef5898505a8,0.19738115203509,0.26084157824516296,0.1829559948979592,Tinea corporis,Tinea corporis,29.65623116379043,III-V
C,d7503554713e32fb341bf16f,0.12583601684419124,0.19269293546676636,0.09296837421837421,Varicella,Molluscum;Varicella,-2.728880569359457,III-V
C,d751d537d455c5c1b6be31c2,0.09334271689843479,0.12868626415729523,0.0850480109739369,HFMD,HFMD,49.62926570939283,I-II
C,d819a2eacdedc739c70870fe,0.05328735570252832,0.07122606784105301,0.044428471957053975,HFMD,HFMD,-25.665607448398653,III-V
C,d87906ecf1149c8334557a31,0.4064293837778182,0.5050273537635803,0.30543489140226204,Tinea versicolor,Tinea versicolor,-14.287387964597071,III-V
C,d9bd3d1d36aa131391e9ac29,0.19021170551656852,0.28738144040107727,0.06912135621252842,Impetigo,Warts,40.64699515158512,III-V
C,da3fd377ee1112010d08e1f3,0.02572325260801126,0.050963956862688065,0.01786987794689977,Varicella,Molluscum;Varicella,44.33409688378202,I-II
C,dc9d4d5e3c7fea903ea14b70,0.14390215279498247,0.2869114279747009,0.1077734375,Warts,Warts,-37.68766190963479,VI
C,de41ed8980c77d08ecced77c,0.08783718920994528,0.16832467913627625,0.03222540171692714,Warts,Warts,16.224942741835658,III-V
C,ded01b7b9d90b3bd3cc08be0,0.009203118233001299,0.020502598956227303,0.004958333333333334,Warts,Warts,-9.779242781497883,III-V
C,df238633fb4c3f7ac3243730,0.03550430196411731,0.05968872830271721,0.03054769477348426,Impetigo,Varicella;Impetigo,48.83047080813293,I-II
C,df301033a11dbd9dd051f64d,0.3867145981210218,0.42196521162986755,0.3473357620181493,Tinea corporis,Tinea versicolor,-10.776585394421236,III-V
C,df380e8355ad4a0876ae28de,0.2936316360749753,0.3470715880393982,0.28093806187612375,Tinea corporis,Tinea corporis,36.306750340347406,III-V
C,e03e689cba9795fd074f9898,0.007379630034547602,0.017826611176133156,0.004405200093977602,Warts,Warts,22.90110541612804,III-V
C,e3b95aab17e2c85b73f190a1,0.20446956378095835,0.32378238439559937,0.08686326002846662,Warts,Warts,27.387679368299352,III-V
C,e58ff067f88ed73ffb92775c,0.2429013973999973,0.31320998072624207,0.23400661035622475,Varicella,Molluscum,3.4342424589578124,III-V
C,e5cb56865e498869d68c76a9,0.3691604889645374,0.3840528726577759,0.3428846656217346,Varicella,Varicella,55.11059832108642,I-II
C,e69b56349ece2021c5a325af,0.4448786870131719,0.42899277806282043,0.428271484375,Tinea versicolor,Warts,-19.663888017246,III-V
C,e780ae90789a5c3f7b9b002d,0.631619448775845,0.6957207322120667,0.6300023494400501,Tinea pedis,HFMD,85.21043425077022,I-II
C,e7efc57af1bfadbfc1596a17,0.1991509959470621,0.3420614004135132,0.17618669989804012,Tinea corporis,Tinea corporis,43.9863794198214,I-II
C,e8a6d05db5f4a4b474b74942,0.4560069411547648,0.4910842478275299,0.3083951822916667,Tinea versicolor,Molluscum,14.387912542636156,III-V
C,ea2f5854e3b5c6d41d18aaf9,0.02303670243518148,0.03781937435269356,0.01814733070081928,Varicella,Varicella,47.8545575621818,I-II
C,ea5ed42bb5f37f2ad29f53b6,0.19078909313867262,0.23597687482833862,0.09856662024141133,Warts,Warts,13.63748408569827,III-V
C,ea6db4eb785e3d8ad0b0ff0b,0.040997959318017245,0.07996772229671478,0.018855014985922316,Molluscum,Molluscum,78.91105980695853,I-II
C,ee6b8a0388b3809b77bd799b,0.13809131845252506,0.2599838376045227,0.05667163437655241,Impetigo,Impetigo,15.187856100419252,III-V
C,ee835c0d37e9b108cb5d60e9,0.020649390189301002,0.04414065554738045,0.017295432385809644,Varicella,Varicella,58.747061301853165,I-II
C,ef7c707eb5387a4d9737677e,0.17883537674669017,0.3088873326778412,0.14645180662596335,Warts,Impetigo,13.303333336433203,III-V
C,f0da825b45e10a72a03fa2ec,0.026649221870265805,0.05322651192545891,0.018323863636363635,Impetigo,Warts,44.880613772990806,I-II
C,f25a11ef588eda5f130531a5,0.12210112641944844,0.19792334735393524,0.03485065866701448,Varicella,Molluscum,47.15578878846695,I-II
C,f27eaa14593ec8c8aa59029a,0.004835240567112584,0.011374711990356445,0.00283890672723001,Molluscum,Molluscum,36.46429388550936,III-V
C,f4534d1be220d702c0ad1714,0.10605002446439699,0.13485682010650635,0.10468111455108359,Tinea versicolor,Tinea versicolor,49.57930659798866,I-II
C,f4a42af25ae73c21cb9c840c,0.13684352639395167,0.19772490859031677,0.05752097030151893,Impetigo,Molluscum,39.950229625257336,III-V
C,f8becc54c0f36a4101a78fa7,0.12545374657788894,0.1857939511537552,0.09906586954200917,Varicella,Molluscum,32.172955228843904,III-V
C,fd55526fbffef1b60d9510be,0.1395126104075769,0.21028432250022888,0.05210134128166915,Warts,Warts,52.27125908761948,I-II
C,fe64cb9716022e261b2a5633,0.02042004040021249,0.03197294846177101,0.019706765935214213,Warts,Warts;Tinea versicolor;Impetigo,-82.10455844718622,VI
D,00722c0022ce074f26265087,0.34859625668449196,0.4329485595226288,0.28380277730927084,HFMD,HFMD,54.35404529121761,I-II
D,00bd76536271905681e4462c,0.3045817268896261,0.3073389232158661,0.02418032786885246,Impetigo,Impetigo,-32.84532969801713,VI
D,00cf569cf91b5a7855547f9a,0.25149957155098546,0.36989954113960266,0.020759046778464255,Molluscum,Molluscum,51.16902966225568,I-II
D,04033cfb85fc5af497ad6e56,0.029265683502712615,0.045997172594070435,0.006233723958333334,Molluscum,Molluscum,6.474413029199192,III-V
D,0425f20d2a6f9e70792d8c65,0.22291040198674505,0.2565218508243561,0.11377826718735809,Impetigo,Impetigo,35.58159757040907,III-V
D,058b333c466e8dc301052e68,0.09330242244444881,0.13496555387973785,0.015458984375,Molluscum,Molluscum,74.83823983198947,I-II
D,058c1d941a8b62294b38a85d,0.07223028174391082,0.11151132732629776,0.009469042936003884,Molluscum,Molluscum,32.4331239524529,III-V
D,063238ff3be92358dc57015c,0.11396293835041887,0.14045873284339905,0.0900765306122449,Varicella,Varicella,66.42521248880048,I-II
D,07e37e164ae929c6003bd97e,0.08561536040289582,0.09762971848249435,0.0067420186396985925,Warts,Warts,38.92474035597934,III-V
D,0abefa9a60d9fe79681f41d9,0.20357142857142857,0.27925923466682434,0.10586011342155009,Warts,Warts,-5.653649324221356,III-V
D,0b712f897c4add86608b91b6,0.46806096636198924,0.5243844985961914,0.41723433242506813,Varicella,Varicella,2.54336491056276,III-V
D,0e13c8b58bb44e84cce913d3,0.10407745570657244,0.12371685355901718,0.07944196797094272,Tinea versicolor,Tinea versicolor,-7.413110695144039,III-V
D,0e60eb423a7fc71abef25c2d,0.09578278451761987,0.13136644661426544,0.010500383156321446,Molluscum,Molluscum,24.731404932261142,III-V
D,0f0726987f9dc17cf741b464,0.3242936090560656,0.4258464574813843,0.06801507039460639,Varicella,Molluscum,60.001564198872586,I-II
D,130c0b07c19038dab2859712,0.3944663272168316,0.45722776651382446,0.04857159514925373,Molluscum,Molluscum,62.66423271147564,I-II
D,14cb8219a595d17a1b8ecbf7,0.10289250251834796,0.15550723671913147,0.06054988896834657,HFMD,Varicella,7.737369866765834,III-V
D,14cd6a015317f378729f01ce,0.05062126092959043,0.0674990564584732,0.018732313240339585,Varicella,Varicella,38.2861216122385,III-V
D,15605eebcb7c21b075709336,0.3053031903655187,0.29042986035346985,0.023038293785762876,Warts,Warts,56.732952778559394,I-II
D,177a2277b22684e41d563e22,0.03644503746505742,0.06734449416399002,0.02163439508791223,Varicella,Varicella,59.4315750069317,I-II
D,17fbf30346c613fe8dc7a497,0.05699987586498979,0.080799899995327,0.055427218934911246,HFMD,HFMD,36.813375296226994,III-V
D,18b1a94bb3c285c5451bf96c,0.45666356011183595,0.509246289730072,0.044517152488598055,Warts,Warts,82.41784006975932,I-II
D,197ac20d872b8d8e0c7547aa,0.1916641543563461,0.22822310030460358,0.01139336917562724,Molluscum,Molluscum,55.37485161335487,I-II
D,19868d71db058e76c02c24b8,0.5503750266087327,0.6075446605682373,0.4992608558273901,Tinea versicolor,Tinea versicolor,31.106804055395443,III-V
D,199fc42a394c6d83975adb79,0.30610412926391384,0.3812594413757324,0.02670530190304644,Molluscum,Molluscum,52.82629946091298,I-II
D,1d5824b665f7cff297928581,0.14457703667403946,0.19671203196048737,0.13570022583007812,Tinea corporis,Tinea corporis,3.338666584298253,III-V
D,1d5e9f83bd3957b9a541d853,0.32862893056382214,0.588913083076477,0.31478118896484375,Tinea corporis,Tinea corporis,-22.21172973595706,III-V
D,1d9ee058a6888b3e8b58a620,0.047680888254265245,0.07437314093112946,0.0096,Warts,Warts,-55.96594347715222,VI
D,1dce46c48fa8bcd4bad3a3e6,0.15238514789175583,0.17458629608154297,0.13651303735024664,Tinea versicolor,Tinea versicolor,24.70914213711461,III-V
D,206f51c97a4cc86740dba1c9,0.31175823835480676,0.34658682346343994,0.2983296712239583,Tinea versicolor,Warts;Molluscum,9.879111541582793,III-V
D,24a2a19f8e35ce4b3cb630de,0.01795247212523933,0.0333414189517498,0.014431869624264373,HFMD,HFMD,61.79328966784019,I-II
D,25ae7146196dc5ceb2346975,0.5239439269921912,0.5691855549812317,0.4229288970967274,HFMD,HFMD,31.34073461991112,III-V
D,25c2203def21f7605198224b,0.05704710976425763,0.09229409694671631,0.012233481481481482,Molluscum,Molluscum,,no ITA
D,2767b0b65e33f948bac6e945,0.27967041673268894,0.9626550674438477,0.25155452806122447,Tinea corporis,Tinea corporis,66.80241871521059,I-II
D,28c436fdb0fbb87f5cc695de,0.03464858914189698,0.05889999121427536,0.0029900747518687965,Molluscum,Warts,33.016404921023266,III-V
D,29fac24ecc9c28c6c9340743,0.24485784485784487,0.302362859249115,0.07134885204081633,Impetigo,Impetigo,80.74137684597478,I-II
D,2a375d2a00c9dae44d18219f,0.8316821417277115,0.8948964476585388,0.8148982165375608,Varicella,Varicella,64.9733833223729,I-II
D,2b2727678073b979a33b83c7,0.0885345301930152,0.1447443962097168,0.016730864197530865,Impetigo,Impetigo,6.5869415156070845,III-V
D,2f6ffedc56eb1993bcbef361,0.07115044247787611,0.1114523634314537,0.054353668368718085,HFMD,HFMD,35.32194844936822,III-V
D,2fd2df9e7b032752e89990d8,0.18381457473973678,0.19067227840423584,0.02367380401234568,Molluscum,Molluscum,83.11417721627772,I-II
D,30b331e6d4c550174b4eeb3d,0.04682873828602472,0.08018428832292557,0.02589210621170251,Varicella,Varicella,55.42766917058201,I-II
D,3726c2dc78c5ac3c80b32aa0,0.08614323444190877,0.11313389241695404,0.0672542277875371,Tinea versicolor,Tinea versicolor,2.8582235599385544,III-V
D,3abcca8d82c63a89c59b25e4,0.40368691221102326,0.6846532821655273,0.43048189866760167,Tinea corporis,Tinea corporis,-8.5214030397238,III-V
D,3b34700c4291995b2b184248,0.3074676469107206,0.5305583477020264,0.0724904828691645,Impetigo,Impetigo,45.36162863982482,I-II
D,3bf12e5119d63e254c06ddec,0.7914043057805689,0.8239295482635498,0.8071791666666667,Tinea versicolor,Tinea versicolor,39.18002489556003,III-V
D,3ce80e21f95b92f40cbbb394,0.2564151483354002,0.3449975252151489,0.05429886898208387,Warts,Warts,19.46519399441709,III-V
D,3d70eca6aa08428d328b6052,0.2483426146910634,0.2685319483280182,0.06084915627735684,HFMD,Molluscum;HFMD,38.20810848832208,III-V
D,3e9681f4b34eb68d78002cba,0.7681686304695364,0.8624235987663269,0.8246018559334486,Tinea versicolor,Tinea versicolor,-1.8911998195687485,III-V
D,4205153f7fdae63ffd7017e8,0.013623978201634877,0.02788303606212139,0.0036458333333333334,Warts,Warts,64.57515092082564,I-II
D,422143a960ae73503f375b09,0.05127937336814621,0.09607839584350586,0.020843810208013583,Molluscum,Molluscum,54.365906002716535,I-II
D,42c710771a062d4a77923ee0,0.40042313576148164,0.560309112071991,0.27921875,Tinea corporis,Tinea versicolor,18.70063939074283,III-V
D,434b605d171435edbc358af7,0.6127104865209037,0.7880699038505554,0.5555419921875,Tinea corporis,Tinea corporis,42.682445612215645,I-II
D,4393f172c4940d79e4ab0aed,0.2143631044181951,0.276471883058548,0.20491239669421488,HFMD,HFMD,46.73253934182625,I-II
D,43ca36715c9cd7423df6552c,0.07539889209791203,0.0667700320482254,0.010663374485596708,Warts,Warts;Molluscum;Impetigo,-19.747135278358737,III-V
D,45947da12fc08fc8167a7a69,0.024472110338093496,0.03972381725907326,0.006017166179824737,Warts,Impetigo,19.911436170290088,III-V
D,45a9298f53fd946836296643,0.7292051756007394,0.809286892414093,0.5192574542254713,Tinea versicolor,Tinea versicolor,32.02352987932723,III-V
D,45c60b78f66e7003666f378c,0.0955513119739727,0.0841597467660904,0.014875660514387318,Warts,Warts,-33.44726951939319,VI
D,45dc6fc0730ac5e5e65a611f,0.19285469499657298,0.260904997587204,0.10018069727891156,HFMD,HFMD,58.730381610581375,I-II
D,461658759bfe911b5de60954,0.6568460084072177,0.812302827835083,0.14301368790787325,Impetigo,Molluscum,37.83332494037407,III-V
D,46fd2836524b2e79485153ad,0.08313392792400841,0.09122207015752792,0.012345679012345678,Impetigo,Impetigo,-17.46261398284018,III-V
D,4795ef24d5bdd4cb736b9fff,0.28220039511394307,0.3517461121082306,0.15211776859504134,Impetigo,Impetigo,70.82464778658785,I-II
D,4827e13c0e04cf732c3c3f3f,0.3003265511178096,0.3651028275489807,0.11561640410102525,Molluscum,Molluscum,-1.2277666605788498,III-V
D,484ca9f390e7874a21bb8475,0.5374049143545121,0.5899003148078918,0.19286238322708968,Varicella,Varicella,-43.649755661744685,VI
D,4a63b5022385cf885142d5c4,0.10822458996767628,0.09379081428050995,0.010134120708637773,Warts,Warts,38.205153012873936,III-V
D,4b7f0bb26cb6e36e7c8deee0,0.05536680923109749,0.08687407523393631,0.0519482421875,Tinea versicolor,Tinea versicolor,-14.619608822310228,III-V
D,4cb975fa3944cd81815c846c,0.004999117256246573,0.0075399018824100494,0.008152309988082003,Molluscum,Varicella,14.65607931753093,III-V
D,4d377afa2f1998905fbd9913,0.0796696895417222,0.132099911570549,0.055651041666666665,Varicella,Varicella,47.69140047759724,I-II
D,4e140ab0f19a69a5a67198e0,0.4830474940403231,0.5575888752937317,0.3861882716049383,HFMD,HFMD,63.86947152389086,I-II
D,4ed8b1c66aff57265e8a1f7a,0.42788446074174147,0.5435916781425476,0.44583892822265625,Tinea corporis,Tinea corporis,-20.93254630001175,III-V
D,50e25fdd3abb0d7b5ac5a3a3,0.06976902462886554,0.11954235285520554,0.04759168987929434,HFMD,HFMD,67.20072991006487,I-II
D,50e55c2084873b3099813c23,0.41891302285876886,0.5423632264137268,0.1686328125,Impetigo,Impetigo,-35.89304884002506,VI
D,51ffb30e972502de8ca18d5d,0.6893261990048862,0.9106656908988953,0.5779560753382743,Tinea corporis,Varicella,48.12805538739492,I-II
D,530ec21c8433623f880e98b8,0.16030948825844984,0.23467345535755157,0.02707819496169354,Molluscum,Molluscum,48.6556683732451,I-II
D,53caad93eba941b3b0fef9b4,0.05304050803425382,0.0661654844880104,0.011277064955894147,Warts,Warts,39.846705516701775,III-V
D,55e3dfe9480a2b007dec946b,0.21230204752967968,0.2419537454843521,0.099638671875,Warts,Warts,82.77705567190975,I-II
D,5b5d0760a6793f739b110ae8,0.6374140527797787,0.6682001948356628,0.6352592215521967,Tinea versicolor,Tinea versicolor,65.41531202119224,I-II
D,5d63921ac5b970962ebf4eeb,0.49679676138820106,0.5934611558914185,0.151575,Warts,Warts,-35.42467695338999,VI
D,601631f14e53a55fcfc077f3,0.6197107174276794,0.748209536075592,0.6438560485839844,Tinea corporis,Tinea corporis,67.76666705133704,I-II
D,609215618e2eb387c181c62a,0.05642867960086826,0.08371872454881668,0.05322931382041555,HFMD,HFMD,17.1872891796836,III-V
D,60a555c8d9cbcf69692c2928,0.07867400119924822,0.08667079359292984,0.07934086629001884,Tinea versicolor,Tinea versicolor,47.73791884516175,I-II
D,6517f427ef60fceaf85683aa,0.47317869897492776,0.7719624042510986,0.35931982670105933,Varicella,Tinea corporis;Impetigo,62.2542920746979,I-II
D,6565900220c9392674f6d78e,0.17549709391251148,0.20582355558872223,0.23415774507010312,Tinea versicolor,Tinea versicolor,36.11704913529004,III-V
D,65eec236caa37d2c2c072949,0.2331937571374191,0.9846969842910767,0.8524607896160087,Tinea pedis,Tinea pedis,70.06578331081883,I-II
D,683b35be0c1d5ff886e5f5b0,0.33414386025854154,0.40065839886665344,0.10534739405365068,Warts,Warts,81.64459046872189,I-II
D,69045f22f7d6910d1b609d19,0.3043077837195484,0.991502046585083,0.1905570652173913,Tinea corporis,Impetigo,-27.18306683315137,III-V
D,696af1538f56bd9a3dcc8881,0.41133161211272534,0.5267590284347534,0.4720551378446115,Varicella,Varicella,69.39481897455559,I-II
D,6a029f29e6433fa6212cb681,0.3984107452596623,0.4641804099082947,0.18396493141910658,Impetigo,Impetigo,56.75030244808714,I-II
D,6a61b737e398ddea6a7b69df,0.21991740598862847,0.2840554118156433,0.2081298828125,HFMD,HFMD,39.52080228194633,III-V
D,6b35d69443dec7bf9e8554c7,0.10332201584448439,0.11181700974702835,0.008363094344907616,Warts,Warts,32.41968919203618,III-V
D,6b94765509993ce256a69692,0.14443735375452033,0.1451871693134308,0.00948555578815156,Molluscum,Molluscum,68.73720215765327,I-II
D,6ed5e9041e0f274c8af4ea95,0.00747132877582278,0.016044316813349724,0.0019603230612404926,Warts,Warts,18.088738227211238,III-V
D,6f2fcd7863299774b259eca7,0.10756195403591647,0.13787302374839783,0.05757732780612245,Impetigo,Impetigo,51.38413427386404,I-II
D,705addc5fe15b199ce3a755b,0.21954226208820618,0.7521588802337646,0.7703274671419025,Tinea pedis,Tinea pedis,-2.819996384688756,III-V
D,70bbb2b2be0a8eeb151567ac,0.1373190098085007,0.18306829035282135,0.12994345079113634,HFMD,HFMD,47.954269963137655,I-II
D,741106ffea83a4ba4d9805f5,0.38229565938050347,0.42195945978164673,0.1397431365618004,Impetigo,Impetigo,36.05295442644056,III-V
D,765ef6b66cf976c8047f4f66,0.06230696924936216,0.09296224266290665,0.006970734931794964,Molluscum,Molluscum,68.2998414043822,I-II
D,76bb8f2af3e2465c2328b46d,0.22682006111810174,0.3009471595287323,0.12488129154795821,HFMD,HFMD,-11.527122507341812,III-V
D,79200e58355b114110be16d7,0.03989142385926333,0.06691562384366989,0.004263335316279992,Warts,Molluscum,65.50464400009051,I-II
D,7968ae48a455841c26b5b927,0.12516062891783275,0.1838386356830597,0.033532142639160156,Impetigo,Impetigo,-39.56969685170971,VI
D,7de0b544a4cc8c173084d91a,0.23291557704643015,0.3152603507041931,0.07416793969597556,Varicella,Molluscum,40.77903088832919,III-V
D,7e4b5ffdc39861406fd71481,0.433411647608907,0.5992968678474426,0.44072723388671875,Tinea corporis,Tinea corporis,28.55059535887096,III-V
D,7e9210ff3ed49ea404bee378,0.12366412213740458,0.14445984363555908,0.007425,Molluscum,Molluscum,46.9795071142817,I-II
D,803dd3b55c24617632679ba5,0.5137254901960784,0.759614109992981,0.501594387755102,Tinea pedis,Tinea pedis,68.08691073421134,I-II
D,804290ff7dd8ba00ac80d80c,0.40228442728442726,0.5022004842758179,0.1478465665462687,Impetigo,Impetigo,40.4403596926366,III-V
D,81c3cf568bab6999bd09b3a9,0.021398626482434967,0.042394980788230896,0.007696546163150114,Molluscum,Impetigo,60.846279207199984,I-II
D,8491b532cabc56e8f3fbf5bf,0.5035241085503602,0.9159114360809326,0.8385353088378906,Tinea corporis,Tinea corporis,50.92906800123544,I-II
D,84e41b2c0d7a71116b62c93a,0.324931550974392,0.3609160780906677,0.068110705261642,Varicella,Molluscum,21.608391493001943,III-V
D,850a43a638101b2d73398dae,0.0551113109961772,0.09826800227165222,0.031067961165048542,Warts,Warts;Molluscum;Tinea corporis,-25.856378226791158,III-V
D,8906c57324c289a6e18bce2c,0.23958452842599604,0.2703251540660858,0.19383553699837625,Impetigo,Impetigo,-15.587498013556862,III-V
D,89fc8e99914d98374d0962f6,0.2848390197020663,0.27901893854141235,0.05652454780361757,Molluscum,Molluscum;Varicella,81.84601005695308,I-II
D,8ad5871d5c3d9004df467b13,0.3684347312463083,0.7925639152526855,0.19535298488976963,Tinea corporis,Tinea corporis;Impetigo,18.556176843009776,III-V
D,8b728a252334017cf9ed91b2,0.09560872489670415,0.0931413322687149,0.01475,Warts,Warts,35.299983251198505,III-V
D,8ca33651fdc6e0989475c1bc,0.16951204746337328,0.2526053488254547,0.04338826137271201,Impetigo,Impetigo,14.52282668007573,III-V
D,8f37e22fea8c67c63325d52c,0.22021495241461467,0.6394107341766357,0.21769200626959248,Tinea versicolor,Warts,82.91862150271106,I-II
D,9085befa3897cd8db137262e,0.37779952432860964,0.8415349721908569,0.846221923828125,Tinea corporis,Tinea corporis,-48.66125132274832,VI
D,946431d0bbc3d4829fd36f21,0.7100177393436646,0.8288440704345703,0.42776234567901233,Tinea versicolor,Tinea versicolor,13.384565032525474,III-V
D,9488d2f907900a18f4c60d75,0.15507874015748033,0.22745904326438904,0.10435239973701513,HFMD,HFMD,47.18361158077677,I-II
D,949a3dd5c1f57f82b2aff746,0.11551639745472345,0.1795259267091751,0.03768131997028503,Varicella,Varicella,66.29434320328131,I-II
D,94d09162ed8f620673142e4a,0.6489158530131386,0.6983280777931213,0.6454849243164062,Tinea corporis,Tinea corporis,9.486960152183336,III-V
D,9649bfdcc59063a94ddc996a,0.529487917146145,0.982814371585846,0.11714288951327835,Tinea corporis,Tinea corporis,6.25129131930641,III-V
D,970da0db2e243e3f66ead561,0.06840052990726622,0.09904278069734573,0.028815096604960424,Warts,Warts,48.599629524621314,I-II
D,97693d17b414e90ba50068c5,0.032485145957117025,0.059427227824926376,0.019352108341028008,HFMD,HFMD,34.3735119368124,III-V
D,9915192b884dd5e82ce13b02,0.09216567877971114,0.11698760092258453,0.061295572916666666,Tinea versicolor,Warts,26.12659716691037,III-V
D,9a09256e53d71c27f2494b2b,0.03774268109426014,0.05988314375281334,0.024073289964971708,Varicella,Varicella;HFMD,56.241268888142194,I-II
D,9d3e9fef055268cf8bb1b752,0.24374010649014247,0.7326001524925232,0.65899658203125,Tinea corporis,Tinea corporis,31.6527568736788,III-V
D,9e8b998e8ddd81fbe4207114,0.06383107088989443,0.08094066381454468,0.01041938855500392,Warts,Warts,-4.428891127621192,III-V
D,a0e6dee01d436d612ee72025,0.23367343938369256,0.288979709148407,0.030786311389759666,Impetigo,Impetigo,43.3807404198288,I-II
D,a1b116a1193e21bb56edc6f3,0.011200242167398214,0.023731382563710213,0.002656172501109458,Molluscum,Molluscum;Varicella,45.63561681499499,I-II
D,a1e50a68fd0057bebf7e3775,0.043807888996173515,0.027346383780241013,0.014019012451171875,Tinea corporis,Tinea corporis,-41.370952953411134,VI
D,a2db994b68ca188cf552f695,0.08376298534257222,0.12681585550308228,0.06055555555555556,HFMD,HFMD,62.537520490042006,I-II
D,a4221062c0ac1a3eb70302d5,0.1078030196133766,0.14104729890823364,0.004925854287556415,Molluscum,Molluscum,36.67960938392071,III-V
D,a60969d5d95d0c7d11d2cf3c,0.16676205681236256,0.21986673772335052,0.018082682291666666,Molluscum,Molluscum,40.22865317479667,III-V
D,a9841de0d6da305c9d57530f,0.10593945964592394,0.1538166105747223,0.083974609375,Tinea versicolor,Tinea versicolor,-17.880088409755132,III-V
D,a98b769c554030194e77ce0b,0.03935112506541078,0.07078412175178528,0.011492144996637936,Warts,Warts,36.49614229567671,III-V
D,ab9f2dfc2ed968121e829a2d,0.034198953394098716,0.053973644971847534,0.004535442922493451,Impetigo,Warts,,no ITA
D,ad5411a97749e42efdf980f6,0.07229947751707953,0.11472160369157791,0.05842461553260308,HFMD,HFMD,74.4920853106931,I-II
D,aec0f2f6a940ad58410cdbaa,0.07716190767038225,0.10867813229560852,0.0049394622632902814,Molluscum,Molluscum,44.80855996210309,I-II
D,b0ceb0dba1b2bb4f4f194c22,0.10175026789814767,0.1322273313999176,0.030580764519112978,HFMD,Varicella,66.03961179787774,I-II
D,b5c2d400347da3a9321d9293,0.19331607056157954,0.16138878464698792,0.05221699529576619,HFMD,Molluscum,48.35923624730581,I-II
D,b78574de9eb11a171bb4a86f,0.04719051971284167,0.07789170742034912,0.03936581996376859,HFMD,HFMD,69.71754075603772,I-II
D,b9393225ce126de09d300312,0.3541106424736509,0.8914856910705566,0.7656211853027344,Tinea corporis,Tinea corporis,33.56054614434689,III-V
D,bb72d53ee9471803a6e58e86,0.02500772345165119,0.04811849445104599,0.00769019225480637,Impetigo,Molluscum,-26.084350443417208,III-V
D,bba4b74c7491eddd9ba98f0c,0.08728522336769759,0.12372997403144836,0.013376415815440206,Warts,Warts,44.49656887318369,I-II
D,bbadabac3b854a1cfa39ed24,0.11039013057758551,0.09470054507255554,0.014754098360655738,Impetigo,Tinea corporis,-5.434946440955132,III-V
D,bc632759cde3e92f84aebfe4,0.1424390243902439,0.11797884851694107,0.003677298311444653,Warts,Warts,-13.805485259026968,III-V
D,bcda6111f76e0b262f1dcb3c,0.5085505632234143,0.5809580087661743,0.4746725383920506,Tinea versicolor,Molluscum;Tinea versicolor,22.60060924570518,III-V
D,bdad77fddcdfb74ee4dd1bc8,0.4481908159519869,0.6844701766967773,0.29539794921875,Tinea pedis,Tinea pedis,26.194905851168777,III-V
D,be2afd3b9da486979819e029,0.032044597738028396,0.05777432397007942,0.01467013315119601,Varicella,Varicella,71.51880542762804,I-II
D,bf5982d36eb87a21b3e1634e,0.3450033867144032,0.8008534908294678,0.5633468627929688,Tinea corporis,Tinea corporis,7.762790650890919,III-V
D,bfc05e4a806a7976b9674eb7,0.11764472797876134,0.140122652053833,0.010676459421599047,Impetigo,Varicella,68.42054932932635,I-II
D,c020866d993df86293369f10,0.2345064650979051,0.29989320039749146,0.14008679941871882,Varicella,Varicella,53.3892452215504,I-II
D,c0e9448adc9cb3ffb44d5691,0.3820560747663551,0.8910808563232422,0.15467881944444445,Impetigo,Impetigo,31.38413161179476,III-V
D,c511abffd5ffec0fbde3b743,0.05012046557399301,0.0819615051150322,0.025713788300835656,Varicella,Varicella,66.16611881289059,I-II
D,c63dee141e8a64d43a0f1886,0.20717293845944845,0.8496334552764893,0.2795559630102041,Tinea corporis,Tinea corporis,28.74173534127753,III-V
D,c691e8ac0fec475ccfeef5b7,0.4827505846906757,0.5530648231506348,0.3141377239515564,Impetigo,Impetigo,-5.823937755673735,III-V
D,c74dec14a9b6aa130e4c5070,0.4925760539297093,0.5391533970832825,0.4530274340073488,Tinea versicolor,Tinea versicolor,-13.932599398407763,III-V
D,c7a1c5b5ccb80e21c6cd41a5,0.1,0.14735984802246094,0.014436640854793206,Molluscum,Molluscum,2.088819069123265,III-V
D,c9cf19ba84bae46d4995d37f,0.08710651142733937,0.13448135554790497,0.0057169811320754715,Molluscum,Molluscum,85.65034140586202,I-II
D,cefe529bd5937d373adb2c95,0.3251947169753063,0.3582400679588318,0.24075161479741633,Tinea corporis,Tinea versicolor;Tinea corporis,37.3517621314878,III-V
D,cf50e0e77bcf10def72233de,0.07256530991080726,0.10402903705835342,0.051448932260109624,HFMD,HFMD,74.08449335086394,I-II
D,cfc486c8669c915f8c914a36,0.38428497498706227,0.4413818418979645,0.15209493964716805,Impetigo,Impetigo,52.65754653978812,I-II
D,d00d0854f045f708e40f3350,0.10144682470064785,0.1684204787015915,0.031259765625,Warts,Warts,48.48217278896092,I-II
D,d04dc9e55527506d36dc134f,0.1437041917153916,0.5997528433799744,0.2170360331632653,Tinea corporis,Tinea corporis,55.45121484410712,I-II
D,d1c6eb9ed7ff3987f1b13685,0.1929362150764365,0.26574185490608215,0.08185188085728456,HFMD,HFMD,16.52280087381362,III-V
D,d1fada22d8936278bde6503d,0.2475376765159606,0.2749791741371155,0.12161979414489996,Varicella,Varicella,18.455073600755583,III-V
D,d217da2f11f6ace74e5d6263,0.49053064141504377,0.7288432121276855,0.1930546216825535,Molluscum,Molluscum,66.00495107509435,I-II
D,d5748994d0d40ef5898505a8,0.2002590953254885,0.675350546836853,0.1829559948979592,Tinea corporis,Tinea corporis,29.65623116379043,III-V
D,d7503554713e32fb341bf16f,0.2601508608602995,0.3504413366317749,0.09296837421837421,Varicella,Varicella,-2.728880569359457,III-V
D,d751d537d455c5c1b6be31c2,0.17277954004758128,0.24669243395328522,0.0850480109739369,HFMD,HFMD,49.62926570939283,I-II
D,d819a2eacdedc739c70870fe,0.06527998943903103,0.10203582048416138,0.044428471957053975,HFMD,HFMD,-25.665607448398653,III-V
D,d87906ecf1149c8334557a31,0.48991566713608187,0.5179564356803894,0.30543489140226204,Tinea versicolor,Tinea versicolor,-14.287387964597071,III-V
D,d9bd3d1d36aa131391e9ac29,0.16685155142895616,0.17788468301296234,0.06912135621252842,Impetigo,Warts,40.64699515158512,III-V
D,da3fd377ee1112010d08e1f3,0.05013959427139413,0.08147294074296951,0.01786987794689977,Varicella,Varicella,44.33409688378202,I-II
D,dc9d4d5e3c7fea903ea14b70,0.36938764801567175,0.5648844242095947,0.1077734375,Warts,Warts,-37.68766190963479,VI
D,de41ed8980c77d08ecced77c,0.18833051461705727,0.2543644607067108,0.03222540171692714,Warts,Warts,16.224942741835658,III-V
D,ded01b7b9d90b3bd3cc08be0,0.014930429218473583,0.0260307677090168,0.004958333333333334,Warts,Warts,-9.779242781497883,III-V
D,df238633fb4c3f7ac3243730,0.08252394328065248,0.09348289668560028,0.03054769477348426,Impetigo,Warts;Varicella,48.83047080813293,I-II
D,df301033a11dbd9dd051f64d,0.5884523734210582,0.6909136176109314,0.3473357620181493,Tinea corporis,Varicella;Tinea corporis,-10.776585394421236,III-V
D,df380e8355ad4a0876ae28de,0.21408212815369998,0.789129376411438,0.28093806187612375,Tinea corporis,Tinea corporis,36.306750340347406,III-V
D,e03e689cba9795fd074f9898,0.06802137958854376,0.09980577230453491,0.004405200093977602,Warts,Warts,22.90110541612804,III-V
D,e3b95aab17e2c85b73f190a1,0.4162212141350516,0.49926725029945374,0.08686326002846662,Warts,Warts,27.387679368299352,III-V
D,e58ff067f88ed73ffb92775c,0.3202674173117523,0.3462536334991455,0.23400661035622475,Varicella,Varicella,3.4342424589578124,III-V
D,e5cb56865e498869d68c76a9,0.3767063086333387,0.4270273447036743,0.3428846656217346,Varicella,Varicella,55.11059832108642,I-II
D,e69b56349ece2021c5a325af,0.4725470898406632,0.48951610922813416,0.428271484375,Tinea versicolor,Tinea versicolor,-19.663888017246,III-V
D,e780ae90789a5c3f7b9b002d,0.2869198312236287,0.7976804375648499,0.6300023494400501,Tinea pedis,Tinea pedis,85.21043425077022,I-II
D,e7efc57af1bfadbfc1596a17,0.2735661008230453,0.9369735717773438,0.17618669989804012,Tinea corporis,Tinea corporis,43.9863794198214,I-II
D,e8a6d05db5f4a4b474b74942,0.5690295506207379,0.6604054570198059,0.3083951822916667,Tinea versicolor,Tinea versicolor,14.387912542636156,III-V
D,ea2f5854e3b5c6d41d18aaf9,0.021168036614982254,0.031117120757699013,0.01814733070081928,Varicella,Varicella,47.8545575621818,I-II
D,ea5ed42bb5f37f2ad29f53b6,0.2577095924376259,0.299121618270874,0.09856662024141133,Warts,Warts,13.63748408569827,III-V
D,ea6db4eb785e3d8ad0b0ff0b,0.09988522708640761,0.13426125049591064,0.018855014985922316,Molluscum,Molluscum,78.91105980695853,I-II
D,ee6b8a0388b3809b77bd799b,0.4925428784489187,0.5282968878746033,0.05667163437655241,Impetigo,Impetigo,15.187856100419252,III-V
D,ee835c0d37e9b108cb5d60e9,0.05678311116947928,0.09966640174388885,0.017295432385809644,Varicella,Varicella,58.747061301853165,I-II
D,ef7c707eb5387a4d9737677e,0.3497373595093465,0.5725638270378113,0.14645180662596335,Warts,Warts;Impetigo,13.303333336433203,III-V
D,f0da825b45e10a72a03fa2ec,0.04102618467083643,0.0647432804107666,0.018323863636363635,Impetigo,HFMD;Impetigo,44.880613772990806,I-II
D,f25a11ef588eda5f130531a5,0.24201254443765144,0.3214370310306549,0.03485065866701448,Varicella,Varicella,47.15578878846695,I-II
D,f27eaa14593ec8c8aa59029a,0.059479045600601625,0.07530101388692856,0.00283890672723001,Molluscum,Warts,36.46429388550936,III-V
D,f4534d1be220d702c0ad1714,0.11622855664004732,0.14858433604240417,0.10468111455108359,Tinea versicolor,Tinea versicolor,49.57930659798866,I-II
D,f4a42af25ae73c21cb9c840c,0.2791513484691157,0.3271113634109497,0.05752097030151893,Impetigo,Molluscum;Impetigo,39.950229625257336,III-V
D,f8becc54c0f36a4101a78fa7,0.13912565921623798,0.2249595820903778,0.09906586954200917,Varicella,Varicella,32.172955228843904,III-V
D,fd55526fbffef1b60d9510be,0.2578340436199549,0.29998621344566345,0.05210134128166915,Warts,Warts,52.27125908761948,I-II
D,fe64cb9716022e261b2a5633,0.24883464180569184,0.3747972249984741,0.019706765935214213,Warts,Warts;Impetigo,-82.10455844718622,VI
